						Joint element tag	Match?	JH	Peace
1	#anno-id:2								
	#text:태풍 Hugo가 남긴 피해들과 회사 내 몇몇 주요 부서들의 저조한 실적들을 반영하여, Aetna Life and Casualty Co.의 3분기 순이익이 182.6 백만 달러 또는 주당 1.63 달러로 22 % 하락하였다.								
	0	태풍	_	_	O	O	1		
	1	Hugo가	_	_	O	O	1		
	2	남긴	_	_	O	O	1		
	3	피해들과	_	_	O	O	1		
	4	회사	회사.n	Businesses	O	O	1		
	5	내	_	_	O	O	1		
	6	몇몇	_	_	O	O	1		
	7	주요	_	_	O	O	1		
	8	부서들의	_	_	O	O	1		
	9	저조한	_	_	O	O	1		
	10	실적들을	_	_	O	O	1		
	11	반영하여,	_	_	O	O	1		
	12	Aetna	_	_	O	B-Business; B-Business_name	1	B-BUSN	B-Business_name
	13	Life	_	_	O	I-Business; I-Business_name	1	I-BUSN	I-Business_name
	14	and	_	_	O	I-Business; I-Business_name	1	I-BUSN	I-Business_name
	15	Casualty	_	_	O	I-Business; I-Business_name	1	I-BUSN	I-Business_name
	16	Co.의	_	_	O	I-Business; I-Business_name	1	I-BUSN	I-Business_name
	17	3분기	_	_	O	O	1		
	18	순이익이	_	_	O	O	1		
	19	182.6	_	_	O	O	1		
	20	백만	_	_	O	O	1		
	21	달러	_	_	O	O	1		
	22	또는	_	_	O	O	1		
	23	주당	_	_	O	O	1		
	24	1.63	_	_	O	O	1		
	25	달러로	_	_	O	O	1		
	26	22	_	_	O	O	1		
	27	%	_	_	O	O	1		
	28	하락하였다.	_	_	O	O	1		
									
2	#anno-id:22								
	#text:그러나 이들 청구는 평가하기가 더 어렵고 더 느리기 때문에, 회사는 4분기 실적에 대한 지진의 영향을 예측하지 못하고 있다.								
	0	그러나	_	_	O	O	1		
	1	이들	_	_	O	O	1		
	2	청구는	_	_	O	O	1		
	3	평가하기가	_	_	O	O	1		
	4	더	_	_	O	O	1		
	5	어렵고	_	_	O	O	1		
	6	더	_	_	O	O	1		
	7	느리기	_	_	O	O	1		
	8	때문에,	_	_	O	O	1		
	9	회사는	_	_	O	O	1		
	10	4분기	분기.n	Calendric_unit	O	O	1		
	11	실적에	_	_	O	O	1		
	12	대한	_	_	O	O	1		
	13	지진의	_	_	O	O	1		
	14	영향을	_	_	O	O	1		
	15	예측하지	_	_	O	O	1		
	16	못하고	_	_	O	O	1		
	17	있다.	_	_	O	O	1		
									
3	#anno-id:28								
	#text:그러나 이들 청구는 평가하기가 더 어렵고 더 느리기 때문에, 회사는 4분기 실적에 대한 지진의 영향을 예측하지 못하고 있다.								
	0	그러나	_	_	O	O	1		
	1	이들	_	_	O	O	1		
	2	청구는	_	_	O	O	1		
	3	평가하기가	_	_	O	O	1		
	4	더	_	_	O	O	1		
	5	어렵고	_	_	O	O	1		
	6	더	_	_	O	O	1		
	7	느리기	_	_	O	O	1		
	8	때문에,	_	_	O	O	1		
	9	회사는	_	_	O	O	1		
	10	4분기	_	_	B-Dependent_variable	B-Dependent_entity	1	B-Dependent_entity	B-Dependent_entity
	11	실적에	_	_	I-Dependent_variable	I-Dependent_entity	1	I-Dependent_entity	I-Dependent_entity
	12	대한	_	_	I-Dependent_variable	I-Dependent_entity	1	I-Dependent_entity	I-Dependent_entity
	13	지진의	_	_	B-Influencing_situation	B-Influencing_entity	1	B-Influencing_entity	B-Influencing_entity
	14	영향을	영향.n	Objective_influence	O	O	1		
	15	예측하지	_	_	O	O	1		
	16	못하고	_	_	O	O	1		
	17	있다.	_	_	O	O	1		
									
4	#anno-id:30								
	#text:가장 최근 분기에서, 지난 해 33 백만 달러의 수익에 비해, Aetna는 자동차 / 주택소유자 계열에서 23 백만 달러의 손실을 가져왔다.								
	0	가장	_	_	O	O	1	B-Relative_time	B-Relative_time
	1	최근	_	_	O	O	1	I-Relative_time	I-Relative_time
	2	분기에서,	분기.n	Calendric_unit	O	O	1		
	3	지난	_	_	O	B-Landmark_period	0		?
	4	해	_	_	O	I-Landmark_period	0		?
	5	33	_	_	O	O	1		
	6	백만	_	_	O	O	1		
	7	달러의	_	_	O	O	1		
	8	수익에	_	_	O	O	1		
	9	비해,	_	_	O	O	1		
	10	Aetna는	_	_	O	O	1		
	11	자동차	_	_	O	O	1		
	12	/	_	_	O	O	1		
	13	주택소유자	_	_	O	O	1		
	14	계열에서	_	_	O	O	1		
	15	23	_	_	O	O	1		
	16	백만	_	_	O	O	1		
	17	달러의	_	_	O	O	1		
	18	손실을	_	_	O	O	1		
	19	가져왔다.	_	_	O	O	1		
									
5	#anno-id:37								
	#text:영리보험 부서의 이익은 거의 3년 동안 더 많은 재난 손실과 자산 / 상해보험 시장에서의 가격 전쟁이 반영되어, 30 % 감소하여 59 백만 달러를 기록하였다.								
	0	영리보험	_	_	O	O	1		
	1	부서의	_	_	O	O	1		
	2	이익은	_	_	O	O	1		
	3	거의	_	_	B-Count	B-Count	0	B-count	
	4	3년	년.n	Measure_duration	I-Count	I-Count; B-Unit	0	I-count	
	5	동안	_	_	O	O	1		
	6	더	_	_	O	B-Process	0		B-Process
	7	많은	_	_	O	I-Process	0		I-Process
	8	재난	_	_	O	I-Process	0		I-Process
	9	손실과	_	_	O	I-Process	0		I-Process
	10	자산	_	_	O	I-Process	0		I-Process
	11	/	_	_	O	I-Process	0		I-Process
	12	상해보험	_	_	O	I-Process	0		I-Process
	13	시장에서의	_	_	O	I-Process	0		I-Process
	14	가격	_	_	O	I-Process	0		I-Process
	15	전쟁이	_	_	O	I-Process	0		I-Process
	16	반영되어,	_	_	O	I-Process	0		I-Process
	17	30	_	_	O	O	1		
	18	%	_	_	O	O	1		
	19	감소하여	_	_	O	O	1		
	20	59	_	_	O	O	1		
	21	백만	_	_	O	O	1		
	22	달러를	_	_	O	O	1		
	23	기록하였다.	_	_	O	O	1		
									
6	#anno-id:40								
	#text:영리보험 부서의 이익은 거의 3년 동안 더 많은 재난 손실과 자산 / 상해보험 시장에서의 가격 전쟁이 반영되어, 30 % 감소하여 59 백만 달러를 기록하였다.								
	0	영리보험	_	_	B-Attribute	B-Item	1	B-Item	B-Item
	1	부서의	_	_	I-Attribute	I-Item	1	I-Item	I-Item
	2	이익은	_	_	I-Attribute	B-Attribute	0	I-Item	B-Attribute
	3	거의	_	_	O	O	1		
	4	3년	_	_	O	O	1		
	5	동안	_	_	O	O	1		
	6	더	_	_	O	O	1		
	7	많은	_	_	O	O	1		
	8	재난	_	_	O	O	1		
	9	손실과	_	_	O	O	1		
	10	자산	_	_	O	O	1		
	11	/	_	_	O	O	1		
	12	상해보험	_	_	O	O	1		
	13	시장에서의	_	_	O	O	1		
	14	가격	_	_	O	O	1		
	15	전쟁이	_	_	O	O	1		
	16	반영되어,	_	_	O	O	1		
	17	30	_	_	B-Difference	B-Difference	1		
	18	%	_	_	I-Difference	I-Difference	1		
	19	감소하여	감소하다.v	Change_position_on_a_scale	O	O	1		
	20	59	_	_	B-Final_value	B-Final_value	1		
	21	백만	_	_	I-Final_value	I-Final_value	1		
	22	달러를	_	_	I-Final_value	I-Final_value	1		
	23	기록하였다.	_	_	O	O	1		
									
7	#anno-id:42								
	#text:그러나, 단체 건강보험 운영을 포함하는 Aetna의 피고용자 혜택 부서는 106 백만 달러로 34 %의 실현이익을 발표하였다.								
	0	그러나,	_	_	O	O	1		
	1	단체	_	_	O	O	1		
	2	건강보험	_	_	O	O	1		
	3	운영을	_	_	O	O	1		
	4	포함하는	_	_	O	O	1		
	5	Aetna의	_	_	O	O	1	B-Eearner	B-Earner
	6	피고용자	_	_	O	O	1	I-Eearner	I-Earner
	7	혜택	_	_	O	O	1	I-Eearner	I-Earner
	8	부서는	_	_	O	O	1	I-Eearner	I-Earner
	9	106	_	_	O	O	1	B-Earning	B-Earnings
	10	백만	_	_	O	O	1	I-Eearning	I-Eearnings
	11	달러로	_	_	O	O	1	I-Eearning	I-Earnings
	12	34	_	_	O	B-Rate	0	B-Rate	
	13	%의	_	_	O	I-Rate	0	I-Rate	
	14	실현이익을	이익.n	Earnings_and_losses	O	O	1		
	15	발표하였다.	_	_	O	O	1		
									
8	#anno-id:48								
	#text:3분기 결과는 연합 투자자들의 8월 판매액 27 백만 달러와 15 백만 달러의 세금 공제를 포함한 48 백만 달러의 순실현자본이득을 포함하였다.								
	0	3분기	_	_	O	B-Time	1	B-Time	B-Time
	1	결과는	결과.n	Earnings_and_losses	O	O	1		
	2	연합	_	_	O	B-Earnings	1		
	3	투자자들의	_	_	O	I-Earnings	1		
	4	8월	_	_	O	I-Earnings	1		
	5	판매액	_	_	O	I-Earnings	1		
	6	27	_	_	O	I-Earnings	1		
	7	백만	_	_	O	I-Earnings	1		
	8	달러와	_	_	O	I-Earnings	1		
	9	15	_	_	O	I-Earnings	1		
	10	백만	_	_	O	I-Earnings	1		
	11	달러의	_	_	O	I-Earnings	1		
	12	세금	_	_	O	I-Earnings	1		
	13	공제를	_	_	O	I-Earnings	1		
	14	포함한	_	_	O	I-Earnings	1		
	15	48	_	_	O	I-Earnings	0		B-Earnings
	16	백만	_	_	O	I-Earnings	0		I-Earnings
	17	달러의	_	_	O	I-Earnings	0		I-Earnings
	18	순실현자본이득을	_	_	O	I-Earnings	0		I-Earnings
	19	포함하였다.	_	_	O	O	1		
									
9	#anno-id:50								
	#text:3분기 결과는 연합 투자자들의 8월 판매액 27 백만 달러와 15 백만 달러의 세금 공제를 포함한 48 백만 달러의 순실현자본이득을 포함하였다.								
	0	3분기	_	_	O	O	1		
	1	결과는	_	_	O	O	1		
	2	연합	_	_	B-Goods	B-Seller	1	B-Seller	B-Seller
	3	투자자들의	_	_	I-Goods	I-Seller	1	I-Seller	I-Seller
	4	8월	_	_	B-Time	B-Time	0	B-Time	
	5	판매액	판매액.n	Commerce_sell	O	O	1		
	6	27	_	_	B-Money	B-Money	1		
	7	백만	_	_	I-Money	I-Money	1		
	8	달러와	_	_	I-Money	I-Money	1		
	9	15	_	_	O	O	1		
	10	백만	_	_	O	O	1		
	11	달러의	_	_	O	O	1		
	12	세금	_	_	O	O	1		
	13	공제를	_	_	O	O	1		
	14	포함한	_	_	O	O	1		
	15	48	_	_	O	O	1		
	16	백만	_	_	O	O	1		
	17	달러의	_	_	O	O	1		
	18	순실현자본이득을	_	_	O	O	1		
	19	포함하였다.	_	_	O	O	1		
									
10	#anno-id:54								
	#text:전조타종의 기술은 영국인들에게 독특하며, 대부분의 영국의 특이한 점들과 같이, 세계의 다른 국가들에서는 이해하기 어렵다.								
	0	전조타종의	_	_	B-Activity	B-Activity	1		
	1	기술은	기술.n	Craft	O	O	1		
	2	영국인들에게	_	_	O	B-Practitioner	1	B-Practitioner	B-Practitioner
	3	독특하며,	_	_	O	O	1		
	4	대부분의	_	_	O	O	1		
	5	영국의	_	_	O	O	0		B-Culture
	6	특이한	_	_	O	O	1		
	7	점들과	_	_	O	O	1		
	8	같이,	_	_	O	O	1		
	9	세계의	_	_	O	O	1		
	10	다른	_	_	O	O	1		
	11	국가들에서는	_	_	O	O	1		
	12	이해하기	_	_	O	O	1		
	13	어렵다.	_	_	O	O	1		
									
11	#anno-id:59								
	#text:ASLACTON, 영국 -- 영국의 시골을 떠오르게 하는 모든 경관들 중에서, 이것은 가장 아름다운 것들 중의 하나이다 : 고대의 석조 교회가 들판 가운데 서 있고, 종탑에서 종소리가 흘러나오면서, 신도들을 저녁예배에 부른다.								
	0	ASLACTON,	_	_	O	O	1		
	1	영국	_	_	O	O	1		
	2	--	_	_	O	O	1		
	3	영국의	_	_	O	O	1		
	4	시골을	_	_	O	O	1		
	5	떠오르게	_	_	O	O	1		
	6	하는	_	_	O	O	1		
	7	모든	_	_	O	O	1		
	8	경관들	_	_	O	O	1		
	9	중에서,	_	_	O	O	1		
	10	이것은	_	_	O	O	1		
	11	가장	_	_	O	O	1		
	12	아름다운	_	_	O	O	1		
	13	것들	_	_	O	O	1		
	14	중의	_	_	O	O	1		
	15	하나이다	_	_	O	O	1		
	16	:	_	_	O	O	1		
	17	고대의	_	_	O	O	1		
	18	석조	_	_	O	O	1		
	19	교회가	_	_	O	O	1		
	20	들판	_	_	O	O	1		
	21	가운데	_	_	O	O	1		
	22	서	_	_	O	O	1		
	23	있고,	_	_	O	O	1		
	24	종탑에서	_	_	B-Source	B-Source	0	B-Area	
	25	종소리가	_	_	B-Fluid	B-Fluid	0	B-Source	
	26	흘러나오면서,	흘러나가다.v	Fluidic_motion	O	O	1		
	27	신도들을	_	_	O	O	1		
	28	저녁예배에	_	_	O	O	1		
	29	부른다.	_	_	O	O	1		
									
12	#anno-id:64								
	#text:ASLACTON, 영국 -- 영국의 시골을 떠오르게 하는 모든 경관들 중에서, 이것은 가장 아름다운 것들 중의 하나이다 : 고대의 석조 교회가 들판 가운데 서 있고, 종탑에서 종소리가 흘러나오면서, 신도들을 저녁예배에 부른다.								
	0	ASLACTON,	_	_	O	O	1		
	1	영국	_	_	O	O	1		
	2	--	_	_	O	O	1		
	3	영국의	_	_	B-Locale	B-Container_possessor	0		B-Container_possessor
	4	시골을	시골.n	Locale_by_use	O	O	1		
	5	떠오르게	_	_	O	O	1		
	6	하는	_	_	O	O	1		
	7	모든	_	_	O	O	1		
	8	경관들	_	_	O	O	1		
	9	중에서,	_	_	O	O	1		
	10	이것은	_	_	O	O	1		
	11	가장	_	_	O	O	1		
	12	아름다운	_	_	O	O	1		
	13	것들	_	_	O	O	1		
	14	중의	_	_	O	O	1		
	15	하나이다	_	_	O	O	1		
	16	:	_	_	O	O	1		
	17	고대의	_	_	O	O	1		
	18	석조	_	_	O	O	1		
	19	교회가	_	_	O	O	1		
	20	들판	_	_	O	O	1		
	21	가운데	_	_	O	O	1		
	22	서	_	_	O	O	1		
	23	있고,	_	_	O	O	1		
	24	종탑에서	_	_	O	O	1		
	25	종소리가	_	_	O	O	1		
	26	흘러나오면서,	_	_	O	O	1		
	27	신도들을	_	_	O	O	1		
	28	저녁예배에	_	_	O	O	1		
	29	부른다.	_	_	O	O	1		
									
13	#anno-id:70								
	#text:ASLACTON, 영국 -- 영국의 시골을 떠오르게 하는 모든 경관들 중에서, 이것은 가장 아름다운 것들 중의 하나이다 : 고대의 석조 교회가 들판 가운데 서 있고, 종탑에서 종소리가 흘러나오면서, 신도들을 저녁예배에 부른다.								
	0	ASLACTON,	_	_	O	O	1		
	1	영국	_	_	O	O	1		
	2	--	_	_	O	O	1		
	3	영국의	_	_	B-Group	B-Group	1		
	4	시골을	_	_	I-Group	I-Group	1		
	5	떠오르게	_	_	I-Group	I-Group	1		
	6	하는	_	_	I-Group	I-Group	1		
	7	모든	_	_	I-Group	I-Group	1		
	8	경관들	_	_	I-Group	I-Group	1		
	9	중에서,	_	_	I-Group	I-Group	1		
	10	이것은	_	_	O	O	1		
	11	가장	_	_	B-Group	B-Group	1		
	12	아름다운	_	_	I-Group	I-Group	1		
	13	것들	_	_	I-Group	I-Group	1		
	14	중의	중.n	Partitive	O	O	1		
	15	하나이다	_	_	B-Subset	B-Subset	1		
	16	:	_	_	O	O	1		
	17	고대의	_	_	O	O	1		
	18	석조	_	_	O	O	1		
	19	교회가	_	_	O	O	1		
	20	들판	_	_	O	O	1		
	21	가운데	_	_	O	O	1		
	22	서	_	_	O	O	1		
	23	있고,	_	_	O	O	1		
	24	종탑에서	_	_	O	O	1		
	25	종소리가	_	_	O	O	1		
	26	흘러나오면서,	_	_	O	O	1		
	27	신도들을	_	_	O	O	1		
	28	저녁예배에	_	_	O	O	1		
	29	부른다.	_	_	O	O	1		
									
14	#anno-id:73								
	#text:ASLACTON, 영국 -- 영국의 시골을 떠오르게 하는 모든 경관들 중에서, 이것은 가장 아름다운 것들 중의 하나이다 : 고대의 석조 교회가 들판 가운데 서 있고, 종탑에서 종소리가 흘러나오면서, 신도들을 저녁예배에 부른다.								
	0	ASLACTON,	_	_	O	O	1		
	1	영국	_	_	O	O	1		
	2	--	_	_	O	O	1		
	3	영국의	_	_	B-Phenomenon	B-Phenomenon	1		
	4	시골을	_	_	I-Phenomenon	I-Phenomenon	1		
	5	떠오르게	떠오르다.v	Evoking	O	O	1		
	6	하는	_	_	O	O	1		
	7	모든	_	_	B-Stimulus	B-Stimulus	1		
	8	경관들	_	_	I-Stimulus	I-Stimulus	1		
	9	중에서,	_	_	O	O	1		
	10	이것은	_	_	O	O	1		
	11	가장	_	_	O	O	1		
	12	아름다운	_	_	O	O	1		
	13	것들	_	_	O	O	1		
	14	중의	_	_	O	O	1		
	15	하나이다	_	_	O	O	1		
	16	:	_	_	O	O	1		
	17	고대의	_	_	O	O	1		
	18	석조	_	_	O	O	1		
	19	교회가	_	_	O	O	1		
	20	들판	_	_	O	O	1		
	21	가운데	_	_	O	O	1		
	22	서	_	_	O	O	1		
	23	있고,	_	_	O	O	1		
	24	종탑에서	_	_	O	O	1		
	25	종소리가	_	_	O	O	1		
	26	흘러나오면서,	_	_	O	O	1		
	27	신도들을	_	_	O	O	1		
	28	저녁예배에	_	_	O	O	1		
	29	부른다.	_	_	O	O	1		
									
15	#anno-id:76								
	#text:St. Michael과 All Angels의 교구민들은 이곳의 멤버들이 항상 하는 것처럼, 교회 문에서 담소를 나누기 위해 멈춘다.								
	0	St.	_	_	B-Jurisdiction	B-Ethnicity	0		B-Ethnicity
	1	Michael과	_	_	I-Jurisdiction	I-Ethnicity	0		I-Ethnicity
	2	All	_	_	I-Jurisdiction	B-Ethnicity	0		B-Ethnicity
	3	Angels의	_	_	I-Jurisdiction	I-Ethnicity	0		I-Ethnicity
	4	교구민들은	교구민들.n	People_by_jurisdiction	O	O	1		
	5	이곳의	_	_	O	O	1		
	6	멤버들이	_	_	O	O	1		
	7	항상	_	_	O	O	1		
	8	하는	_	_	O	O	1		
	9	것처럼,	_	_	O	O	1		
	10	교회	_	_	O	B-Authority	0		B-Authority?
	11	문에서	_	_	O	O	1		
	12	담소를	_	_	O	O	1		
	13	나누기	_	_	O	O	1		
	14	위해	_	_	O	O	1		
	15	멈춘다.	_	_	O	O	1		
									
16	#anno-id:77								
	#text:St. Michael과 All Angels의 교구민들은 이곳의 멤버들이 항상 하는 것처럼, 교회 문에서 담소를 나누기 위해 멈춘다.								
	0	St.	_	_	B-Interlocutors	B-Interlocutors	0	B-Interlocutor_1	
	1	Michael과	_	_	I-Interlocutors	I-Interlocutors	0	I-Interlocutor_1	
	2	All	_	_	I-Interlocutors	I-Interlocutors	0	I-Interlocutor_1	
	3	Angels의	_	_	I-Interlocutors	I-Interlocutors	0	I-Interlocutor_1	
	4	교구민들은	_	_	I-Interlocutors	I-Interlocutors	0	I-Interlocutor_1	
	5	이곳의	_	_	O	O	0	B-Interlocutor_2	
	6	멤버들이	_	_	O	O	0	I-Interlocutor_2	
	7	항상	_	_	O	O	1		
	8	하는	_	_	O	O	1		
	9	것처럼,	_	_	O	O	1		
	10	교회	_	_	O	B-Place	0		B-Place
	11	문에서	_	_	O	I-Place	0		I-Place
	12	담소를	담소.n	Chatting	O	O	1		
	13	나누기	_	_	O	O	1		
	14	위해	_	_	O	O	1		
	15	멈춘다.	_	_	O	O	1		
									
17	#anno-id:79								
	#text:St. Michael과 All Angels의 교구민들은 이곳의 멤버들이 항상 하는 것처럼, 교회 문에서 담소를 나누기 위해 멈춘다.								
	0	St.	_	_	O	O	1		
	1	Michael과	_	_	O	O	1		
	2	All	_	_	O	O	1		
	3	Angels의	_	_	O	O	1		
	4	교구민들은	_	_	O	O	1		
	5	이곳의	_	_	O	O	1		
	6	멤버들이	_	_	O	O	1		
	7	항상	_	_	O	O	1		
	8	하는	_	_	O	O	1		
	9	것처럼,	_	_	O	O	1		
	10	교회	_	_	B-Whole	B-Whole	1		
	11	문에서	문.n	Connecting_architecture	O	B-Part	0		B-Part
	12	담소를	_	_	O	O	1		
	13	나누기	_	_	O	O	1		
	14	위해	_	_	O	O	1		
	15	멈춘다.	_	_	O	O	1		
									
18	#anno-id:82								
	#text:종탑에서는, 다섯 명의 남녀가 처음으로 1614년에 이곳에서 울렸던 동일한 다섯 개의 종들에 매달린 밧줄들을 가락에 맞추어 잡아당긴다.								
	0	종탑에서는,	_	_	O	B-Context	0		B-Context
	1	다섯	_	_	O	B-Experience	0	B-Experience	
	2	명의	_	_	O	I-Experience	0	I-Experience	
	3	남녀가	_	_	O	I-Experience	0	I-Experience	
	4	처음으로	처음.n	First_experience	O	O	1		
	5	1614년에	_	_	B-Experience	I-Experience	0	B-Context	
	6	이곳에서	_	_	I-Experience	I-Experience	0	I-Context	
	7	울렸던	_	_	I-Experience	I-Experience	0	I-Context	
	8	동일한	_	_	I-Experience	I-Experience	0	I-Context	
	9	다섯	_	_	I-Experience	I-Experience	0	I-Context	
	10	개의	_	_	I-Experience	I-Experience	0	I-Context	
	11	종들에	_	_	I-Experience	I-Experience	0	I-Context	
	12	매달린	_	_	O	I-Experience	1		
	13	밧줄들을	_	_	O	O	1		
	14	가락에	_	_	O	O	1		
	15	맞추어	_	_	O	O	1		
	16	잡아당긴다.	_	_	O	O	1		
									
19	#anno-id:85								
	#text:종탑에서는, 다섯 명의 남녀가 처음으로 1614년에 이곳에서 울렸던 동일한 다섯 개의 종들에 매달린 밧줄들을 가락에 맞추어 잡아당긴다.								
	0	종탑에서는,	종탑.n	Building_subparts	O	O	1		
	1	다섯	_	_	O	O	1		
	2	명의	_	_	O	O	1		
	3	남녀가	_	_	O	O	1		
	4	처음으로	_	_	O	O	1		
	5	1614년에	_	_	O	O	1		
	6	이곳에서	_	_	O	O	1		
	7	울렸던	_	_	O	O	1		
	8	동일한	_	_	O	O	1		
	9	다섯	_	_	O	O	1		
	10	개의	_	_	O	O	1		
	11	종들에	_	_	O	O	1		
	12	매달린	_	_	O	O	1		
	13	밧줄들을	_	_	O	O	1		
	14	가락에	_	_	O	O	1		
	15	맞추어	_	_	O	O	1		
	16	잡아당긴다.	_	_	O	O	1		
									
20	#anno-id:93								
	#text:Hammond 씨는 고령화와 젊은이들의 무책임함이 Aslacton의 종들이 계속 울리도록 하는 East Anglian 집단의 지위를 떨어뜨릴것이라고 걱정한다.								
	0	Hammond	_	_	O	O	1		
	1	씨는	_	_	O	O	1		
	2	고령화와	_	_	O	O	1		
	3	젊은이들의	_	_	O	O	1		
	4	무책임함이	_	_	O	O	1		
	5	Aslacton의	_	_	B-Name	B-Ground	1	B-Ground	B-Ground
	6	종들이	종들.n	Noise_makers	O	B-Noise_maker	0	B-Noise_maker	
	7	계속	_	_	O	O	1		
	8	울리도록	_	_	O	O	1		
	9	하는	_	_	O	O	1		
	10	East	_	_	O	O	1		
	11	Anglian	_	_	O	O	1		
	12	집단의	_	_	O	O	1		
	13	지위를	_	_	O	O	1		
	14	떨어뜨릴것이라고	_	_	O	O	1		
	15	걱정한다.	_	_	O	O	1		
									
21	#anno-id:97								
	#text:역사는 결국 그의 편이 아니다								
	0	역사는	역사.n	History	O	O	1		
	1	결국	_	_	O	O	1		
	2	그의	_	_	O	O	1		
	3	편이	_	_	O	O	1		
	4	아니다	_	_	O	O	1		
									
22	#anno-id:102								
	#text:일년 전에 행한 전국적인 설문조사에 의하면, 영국 교회 종의 거의 삼분의 일은 종을 울릴 사람이 없기 때문에 더 이상 일요일에 종을 울리지 않는다.								
	0	일년	_	_	O	O	1		
	1	전에	_	_	O	O	1		
	2	행한	_	_	O	O	1		
	3	전국적인	_	_	O	O	1		
	4	설문조사에	_	_	O	O	1		
	5	의하면,	_	_	O	O	1		
	6	영국	_	_	O	B-Ground	1	B-Ground	B-Ground
	7	교회	_	_	B-Use	I-Ground	1	I-Ground	I-Ground
	8	종의	종.n	Noise_makers	O	B-Noise_maker	0	B-Noise_maker	
	9	거의	_	_	O	O	1		
	10	삼분의	_	_	O	O	1		
	11	일은	_	_	O	O	1		
	12	종을	_	_	O	O	1		
	13	울릴	_	_	O	O	1		
	14	사람이	_	_	O	O	1		
	15	없기	_	_	O	O	1		
	16	때문에	_	_	O	O	1		
	17	더	_	_	O	O	1		
	18	이상	_	_	O	O	1		
	19	일요일에	_	_	O	O	1		
	20	종을	_	_	O	O	1		
	21	울리지	_	_	O	O	1		
	22	않는다.	_	_	O	O	1		
									
23	#anno-id:109								
	#text:대륙 유럽의 편종을 연주하는 것처럼, 덜 복잡한 형태의 종을 연주하는 것은 영국인들에게는 유치한 것이고, 외국인들에게만 적합하다고 여긴다.								
	0	대륙	_	_	O	O	1		
	1	유럽의	_	_	O	O	1		
	2	편종을	_	_	O	O	1		
	3	연주하는	_	_	O	O	1		
	4	것처럼,	_	_	O	O	1		
	5	덜	_	_	O	O	1		
	6	복잡한	_	_	O	O	1		
	7	형태의	_	_	O	O	1		
	8	종을	_	_	O	O	1		
	9	연주하는	_	_	O	O	1		
	10	것은	_	_	O	O	1		
	11	영국인들에게는	_	_	O	O	1		
	12	유치한	_	_	O	O	1		
	13	것이고,	_	_	O	O	1		
	14	외국인들에게만	외국인.n	People_by_origin	O	B-Person	0	O	B-Person
	15	적합하다고	_	_	O	O	1		
	16	여긴다.	_	_	O	O	1		
									
24	#anno-id:111								
	#text:대륙 유럽의 편종을 연주하는 것처럼, 덜 복잡한 형태의 종을 연주하는 것은 영국인들에게는 유치한 것이고, 외국인들에게만 적합하다고 여긴다.								
	0	대륙	_	_	O	B-Ground	1	B-Ground	B-Ground
	1	유럽의	_	_	O	I-Ground	1	I-Ground	I-Ground
	2	편종을	편종.n	Noise_makers	O	B-Noise_maker	0	B-Noise_maker	
	3	연주하는	_	_	O	O	1		
	4	것처럼,	_	_	O	O	1		
	5	덜	_	_	O	O	1		
	6	복잡한	_	_	O	O	1		
	7	형태의	_	_	O	O	1		
	8	종을	_	_	O	O	1		
	9	연주하는	_	_	O	O	1		
	10	것은	_	_	O	O	1		
	11	영국인들에게는	_	_	O	O	1		
	12	유치한	_	_	O	O	1		
	13	것이고,	_	_	O	O	1		
	14	외국인들에게만	_	_	O	O	1		
	15	적합하다고	_	_	O	O	1		
	16	여긴다.	_	_	O	O	1		
									
25	#anno-id:119								
	#text:380 년 전 영국인이 발명한 마음을 뛰게하는 활동인 전조타종은 강한 전신적 집중력과 함께 어떤 종들은 일 톤이 넘는 무게가 나가기 때문에 육체적인 기민함을 요구한다.								
	0	380	_	_	O	O	1		
	1	년	_	_	O	O	1		
	2	전	_	_	O	O	1		
	3	영국인이	_	_	O	O	1		
	4	발명한	_	_	O	O	1		
	5	마음을	_	_	O	O	1		
	6	뛰게하는	_	_	O	O	1		
	7	활동인	_	_	O	O	1		
	8	전조타종은	_	_	O	O	1		
	9	강한	_	_	O	O	1		
	10	전신적	_	_	O	O	1		
	11	집중력과	_	_	O	O	1		
	12	함께	_	_	O	O	1		
	13	어떤	_	_	O	B-Stuff	0	B-Stuff	
	14	종들은	_	_	O	I-Stuff	1	I-Stuff	B-Stuff
	15	일	_	_	O	B-Count	1	B-Count	B-Count
	16	톤이	톤.n	Measure_mass	O	B-Unit	1	B-Unit	B-Unit
	17	넘는	_	_	O	O	1		
	18	무게가	_	_	O	O	1		
	19	나가기	_	_	O	O	1		
	20	때문에	_	_	O	O	1		
	21	육체적인	_	_	O	O	1		
	22	기민함을	_	_	O	O	1		
	23	요구한다.	_	_	O	O	1		
									
26	#anno-id:125								
	#text:10 명의 와이셔츠 차림의 종지기가 원으로 서서, 프로권투선투 자세로 한 발을 다른 발 앞에 두고, 종이 울리는 방의 높은 천장에 난 작은 구멍을 통해 사라지는 밧줄을 각자 당긴다.								
	0	10	_	_	O	B-Agent	0		B-Agent
	1	명의	_	_	O	I-Agent	1	B-Agent	I-Agent
	2	와이셔츠	_	_	O	I-Agent	1	I-Agent	I-Agent
	3	차림의	_	_	O	I-Agent	1	I-Agent	I-Agent
	4	종지기가	종지기.n	Cause_to_make_noise	O	I-Agent	1	I-Agent	I-Agent
	5	원으로	_	_	O	B-Depictive	0		B-Depictive
	6	서서,	_	_	O	I-Depictive	0		I-Depictive
	7	프로권투선투	_	_	O	B-Depictive	0		B-Depictive
	8	자세로	_	_	O	I-Depictive	0		I-Depictive
	9	한	_	_	O	I-Depictive	0		I-Depictive
	10	발을	_	_	O	I-Depictive	0		I-Depictive
	11	다른	_	_	O	I-Depictive	0		I-Depictive
	12	발	_	_	O	I-Depictive	0		I-Depictive
	13	앞에	_	_	O	I-Depictive	0		I-Depictive
	14	두고,	_	_	O	I-Depictive	0		I-Depictive
	15	종이	_	_	O	B-Place	1		
	16	울리는	_	_	O	I-Place	1		
	17	방의	_	_	O	I-Place	0		B-Place
	18	높은	_	_	O	O	1		
	19	천장에	_	_	O	O	1		
	20	난	_	_	O	O	1		
	21	작은	_	_	O	O	1		
	22	구멍을	_	_	O	O	1		
	23	통해	_	_	O	O	1		
	24	사라지는	_	_	O	B-Means	1		
	25	밧줄을	_	_	O	I-Means	0		B-Means
	26	각자	_	_	O	I-Means	0		I-Means
	27	당긴다.	_	_	O	I-Means	0		I-Means
									
27	#anno-id:127								
	#text:10 명의 와이셔츠 차림의 종지기가 원으로 서서, 프로권투선투 자세로 한 발을 다른 발 앞에 두고, 종이 울리는 방의 높은 천장에 난 작은 구멍을 통해 사라지는 밧줄을 각자 당긴다.								
	0	10	_	_	O	O	1		
	1	명의	_	_	O	O	1		
	2	와이셔츠	_	_	O	O	1		
	3	차림의	_	_	O	O	1		
	4	종지기가	_	_	O	O	1		
	5	원으로	_	_	O	O	1		
	6	서서,	_	_	O	O	1		
	7	프로권투선투	_	_	O	O	1		
	8	자세로	_	_	O	O	1		
	9	한	_	_	O	O	1		
	10	발을	_	_	O	O	1		
	11	다른	_	_	O	O	1		
	12	발	_	_	O	O	1		
	13	앞에	_	_	O	O	1		
	14	두고,	_	_	O	O	1		
	15	종이	_	_	O	B-Use	1	B-Use	B-Use
	16	울리는	_	_	B-Use	I-Use	1	I-Use	I-Use
	17	방의	방.n	Building_subparts	O	B-Building_part	0		B-Building_part
	18	높은	_	_	O	O	1		
	19	천장에	_	_	O	O	1		
	20	난	_	_	O	O	1		
	21	작은	_	_	O	O	1		
	22	구멍을	_	_	O	O	1		
	23	통해	_	_	O	O	1		
	24	사라지는	_	_	O	O	1		
	25	밧줄을	_	_	O	O	1		
	26	각자	_	_	O	O	1		
	27	당긴다.	_	_	O	O	1		
									
28	#anno-id:136								
	#text:아무도 말하지 않고, 그리고 밧줄의 꿈틀거림은 종 자체만큼 큰 소리를 내는 것 같고, 천정에 의해 약해진다.								
	0	아무도	_	_	B-Speaker	B-Speaker	1		
	1	말하지	말하다.v	Statement	O	O	1		
	2	않고,	_	_	O	O	1		
	3	그리고	_	_	O	O	1		
	4	밧줄의	_	_	O	O	1		
	5	꿈틀거림은	_	_	O	O	1		
	6	종	_	_	O	O	1		
	7	자체만큼	_	_	O	O	1		
	8	큰	_	_	O	O	1		
	9	소리를	_	_	O	O	1		
	10	내는	_	_	O	O	1		
	11	것	_	_	O	O	1		
	12	같고,	_	_	O	O	1		
	13	천정에	_	_	O	O	1		
	14	의해	_	_	O	O	1		
	15	약해진다.	_	_	O	O	1		
									
29	#anno-id:139								
	#text:아무도 말하지 않고, 그리고 밧줄의 꿈틀거림은 종 자체만큼 큰 소리를 내는 것 같고, 천정에 의해 약해진다.								
	0	아무도	_	_	O	O	1		
	1	말하지	_	_	O	O	1		
	2	않고,	_	_	O	O	1		
	3	그리고	_	_	O	O	1		
	4	밧줄의	_	_	O	O	1		
	5	꿈틀거림은	_	_	O	O	1		
	6	종	종.n	Noise_makers	O	B-Noise_maker	1	B-Noise_maker	B-Noise_maker
	7	자체만큼	_	_	O	O	1		
	8	큰	_	_	O	O	1		
	9	소리를	_	_	O	O	1		
	10	내는	_	_	O	O	1		
	11	것	_	_	O	O	1		
	12	같고,	_	_	O	O	1		
	13	천정에	_	_	O	O	1		
	14	의해	_	_	O	O	1		
	15	약해진다.	_	_	O	O	1		
									
30	#anno-id:145								
	#text:종탑 위에는 곳에는, 바퀴에 부착된 커다란 구리 종들이 놀랍게도 거꾸로된 상태로 또는 입구가 위로 향한 자세로, 시작하고 끝나면서 완전히 360도로 마구 흔들린다.								
	0	종탑	_	_	O	O	1	B-Ground	B-Ground
	1	위에는	위.n	Locative_relation	O	O	1		
	2	곳에는,	_	_	O	?	0	?	
	3	바퀴에	_	_	O	B-Figure	0	B-Figure	
	4	부착된	_	_	O	I-Figure	0	I-Figure	
	5	커다란	_	_	O	I-Figure	0	I-Figure	
	6	구리	_	_	O	I-Figure	0	I-Figure	
	7	종들이	_	_	O	I-Figure	0	I-Figure	
	8	놀랍게도	_	_	O	O	1		
	9	거꾸로된	_	_	O	O	1		
	10	상태로	_	_	O	O	1		
	11	또는	_	_	O	O	1		
	12	입구가	_	_	O	O	1		
	13	위로	_	_	O	O	1		
	14	향한	_	_	O	O	1		
	15	자세로,	_	_	O	O	1		
	16	시작하고	_	_	O	O	1		
	17	끝나면서	_	_	O	O	1		
	18	완전히	_	_	O	O	1		
	19	360도로	_	_	O	O	1		
	20	마구	_	_	O	O	1		
	21	흔들린다.	_	_	O	O	1		
									
31	#anno-id:146								
	#text:종탑 높은 곳에는, 바퀴에 부착된 커다란 구리 종들이 놀랍게도 거꾸로된 상태로 또는 입구가 위로 향한 자세로, 시작하고 끝나면서 완전히 360도로 마구 흔들린다.								
	0	종탑	_	_	O	O	1		
	1	높은	_	_	O	O	1		
	2	곳에는,	_	_	O	O	1		
	3	바퀴에	바퀴.n	Artifact	O	B-Artifact	1	B-Artifact	B-Artifact
	4	부착된	_	_	O	B-Descriptor	0		B-Descriptor
	5	커다란	_	_	O	I-Descriptor	0		I-Descriptor
	6	구리	_	_	O	I-Descriptor	0		I-Descriptor
	7	종들이	_	_	O	I-Descriptor	0		I-Descriptor
	8	놀랍게도	_	_	O	O	1		
	9	거꾸로된	_	_	O	O	1		
	10	상태로	_	_	O	O	1		
	11	또는	_	_	O	O	1		
	12	입구가	_	_	O	O	1		
	13	위로	_	_	O	O	1		
	14	향한	_	_	O	O	1		
	15	자세로,	_	_	O	O	1		
	16	시작하고	_	_	O	O	1		
	17	끝나면서	_	_	O	O	1		
	18	완전히	_	_	O	O	1		
	19	360도로	_	_	O	O	1		
	20	마구	_	_	O	O	1		
	21	흔들린다.	_	_	O	O	1		
									
32	#anno-id:148								
	#text:종탑 높은 곳에는, 바퀴에 부착된 커다란 구리 종들이 놀랍게도 거꾸로된 상태로 또는 입구가 위로 향한 자세로, 시작하고 끝나면서 완전히 360도로 마구 흔들린다.								
	0	종탑	_	_	O	O	1		
	1	높은	_	_	O	O	1		
	2	곳에는,	_	_	O	O	1		
	3	바퀴에	_	_	B-Process	B-Process	0	O	
	4	부착된	_	_	I-Process	I-Process	0	O	
	5	커다란	_	_	I-Process	I-Process	0	O	
	6	구리	_	_	I-Process	I-Process	0	O	
	7	종들이	_	_	I-Process	I-Process	0	O	
	8	놀랍게도	_	_	O	O	1		
	9	거꾸로된	_	_	B-Depictive	B-Depictive	1		
	10	상태로	_	_	I-Depictive	I-Depictive	1		
	11	또는	_	_	I-Depictive	I-Depictive	1		
	12	입구가	_	_	I-Depictive	I-Depictive	1		
	13	위로	_	_	I-Depictive	I-Depictive	1		
	14	향한	_	_	I-Depictive	I-Depictive	1		
	15	자세로,	_	_	I-Depictive	I-Depictive	1		
	16	시작하고	_	_	O	O	1		
	17	끝나면서	끝나다.v	Process_end	O	O	1		
	18	완전히	_	_	O	B-Final_subevent	0		B-Final_subevent
	19	360도로	_	_	O	I-Final_subevent	0		I-Final_subevent
	20	마구	_	_	O	I-Final_subevent	0		I-Final_subevent
	21	흔들린다.	_	_	O	I-Final_subevent	0		I-Final_subevent
									
33	#anno-id:150								
	#text:숙련된 종지기들은 하나의 종이 다음 순서로 서로 위치를 바꿀 수 있도록, 다음 스윙을 미리 하거나 늦추도록 하기 위해 그들의 팔목을 사용한다.								
	0	숙련된	_	_	O	O	1		
	1	종지기들은	_	_	O	O	1		
	2	하나의	_	_	O	O	1		
	3	종이	종.n	Noise_makers	O	B-Noise_maker	1	B-Noise_maker	B-Noise_maker
	4	다음	_	_	O	O	1		
	5	순서로	_	_	O	O	1		
	6	서로	_	_	O	O	1		
	7	위치를	_	_	O	O	1		
	8	바꿀	_	_	O	O	1		
	9	수	_	_	O	O	1		
	10	있도록,	_	_	O	O	1		
	11	다음	_	_	O	O	1		
	12	스윙을	_	_	O	O	1		
	13	미리	_	_	O	O	1		
	14	하거나	_	_	O	O	1		
	15	늦추도록	_	_	O	O	1		
	16	하기	_	_	O	O	1		
	17	위해	_	_	O	O	1		
	18	그들의	_	_	O	O	1		
	19	팔목을	_	_	O	O	1		
	20	사용한다.	_	_	O	O	1		
									
34	#anno-id:152								
	#text:숙련된 종지기들은 하나의 종이 다음 순서로 서로 위치를 바꿀 수 있도록, 다음 스윙을 미리 하거나 늦추도록 하기 위해 그들의 팔목을 사용한다.								
	0	숙련된	_	_	B-Agent	B-Agent	1		
	1	종지기들은	_	_	I-Agent	I-Agent	1		
	2	하나의	_	_	B-Purpose	B-Purpose	1		
	3	종이	_	_	I-Purpose	I-Purpose	1		
	4	다음	_	_	I-Purpose	I-Purpose	1		
	5	순서로	_	_	I-Purpose	I-Purpose	1		
	6	서로	_	_	I-Purpose	I-Purpose	1		
	7	위치를	_	_	I-Purpose	I-Purpose	1		
	8	바꿀	_	_	I-Purpose	I-Purpose	1		
	9	수	_	_	I-Purpose	I-Purpose	1		
	10	있도록,	_	_	I-Purpose	I-Purpose	1		
	11	다음	_	_	I-Purpose	B-Purpose	0	I-Purpose	B-Purpose
	12	스윙을	_	_	I-Purpose	I-Purpose	1		
	13	미리	_	_	I-Purpose	I-Purpose	1		
	14	하거나	_	_	I-Purpose	I-Purpose	1		
	15	늦추도록	_	_	I-Purpose	I-Purpose	1		
	16	하기	_	_	I-Purpose	I-Purpose	1		
	17	위해	_	_	I-Purpose	I-Purpose	1		
	18	그들의	_	_	B-Instrument	B-Instrument	1		
	19	팔목을	_	_	I-Instrument	I-Instrument	1		
	20	사용한다.	사용하다.v	Using	O	O			
									
35	#anno-id:154								
	#text:숙련된 종지기들은 하나의 종이 다음 순서로 서로 위치를 바꿀 수 있도록, 다음 스윙을 미리 하거나 늦추도록 하기 위해 그들의 팔목을 사용한다.								
	0	숙련된	_	_	B-Agent	B-Agent	1		
	1	종지기들은	_	_	I-Agent	I-Agent	1		
	2	하나의	_	_	O	B-Explanation	0		B-Explanation
	3	종이	_	_	O	I-Explanation	0		I-Explanation
	4	다음	_	_	O	I-Explanation	0		I-Explanation
	5	순서로	_	_	O	I-Explanation	0		I-Explanation
	6	서로	_	_	O	I-Explanation	0		I-Explanation
	7	위치를	_	_	O	I-Explanation	0		I-Explanation
	8	바꿀	_	_	O	I-Explanation	0		I-Explanation
	9	수	_	_	O	I-Explanation	0		I-Explanation
	10	있도록,	_	_	O	I-Explanation	0		I-Explanation
	11	다음	_	_	B-Event	B-Event	1		
	12	스윙을	_	_	I-Event	I-Event	1		
	13	미리	미리.ad	Change_event_time	O	O	1		
	14	하거나	_	_	O	O	1		
	15	늦추도록	_	_	O	O	1		
	16	하기	_	_	O	O	1		
	17	위해	_	_	O	O	1		
	18	그들의	_	_	O	O	1		
	19	팔목을	_	_	O	O	1		
	20	사용한다.	_	_	O	O	1		
									
36	#anno-id:156								
	#text:자주, 종지기들은 교회를 종탑의 바닥에 붙어 있는 어떤 것으로 생각한다.								
	0	자주,	_	_	O	O	1		
	1	종지기들은	_	_	O	O	1		
	2	교회를	_	_	O	O	1		
	3	종탑의	_	_	B-Whole	B-Whole	1		
	4	바닥에	바닥.n	Part_orientational	O	B-Part	1	B-Part	B-Part
	5	붙어	_	_	O	O	1		
	6	있는	_	_	O	O	1		
	7	어떤	_	_	O	O	1		
	8	것으로	_	_	O	O	1		
	9	생각한다.	_	_	O	O	1		
									
37	#anno-id:157								
	#text:자주, 종지기들은 교회를 종탑의 바닥에 붙어 있는 어떤 것으로 생각한다.								
	0	자주,	_	_	O	O	1		
	1	종지기들은	종지기들.n	Cause_to_make_noise	O	B-Agent	0	B-Agent	X - 틀린 frame?
	2	교회를	_	_	O	O	1		
	3	종탑의	_	_	O	O	1		
	4	바닥에	_	_	O	O	1		
	5	붙어	_	_	O	O	1		
	6	있는	_	_	O	O	1		
	7	어떤	_	_	O	O	1		
	8	것으로	_	_	O	O	1		
	9	생각한다.	_	_	O	O	1		
									
38	#anno-id:167								
	#text:교대가 완료되었을 때, 그리고 그들이 땀이 날 때까지 작업한 후, 종지기들은 아래에 있는 다른 사람들의 예배를 떠나, 종종 지역 선술집으로 빠져나간다.								
	0	교대가	_	_	B-Activity	B-Activity	1		
	1	완료되었을	완료되다.v	Activity_finish	O	O	1		
	2	때,	_	_	O	O	1		
	3	그리고	_	_	O	O	1		
	4	그들이	_	_	O	O	1		
	5	땀이	_	_	O	O	1		
	6	날	_	_	O	O	1		
	7	때까지	_	_	O	O	1		
	8	작업한	_	_	O	O	1		
	9	후,	_	_	O	O	1		
	10	종지기들은	_	_	O	B-Agent	0	B-Agent	
	11	아래에	_	_	O	O	1		
	12	있는	_	_	O	O	1		
	13	다른	_	_	O	O	1		
	14	사람들의	_	_	O	O	1		
	15	예배를	_	_	O	O	1		
	16	떠나,	_	_	O	O	1		
	17	종종	_	_	O	O	1		
	18	지역	_	_	O	O	1		
	19	선술집으로	_	_	O	O	1		
	20	빠져나간다.	_	_	O	O	1		
									
39	#anno-id:171								
	#text:영국 교회의 회원 수의 지속적인 감소로, 의지가 강한 교구 목사들은 똑같이 의지가 강하고 비종교적인 종지기들을 예배에 참석하도록 압박하고 있다.								
	0	영국	_	_	B-Depictive	B-Purpose?Circumstances?	1		B-Purpose?Circumstances?
	1	교회의	_	_	I-Depictive	I-Pupose?Circumstances	1		I-Pupose?Circumstances
	2	회원	_	_	I-Depictive	I-Pupose?Circumstances	1		I-Pupose?Circumstances
	3	수의	_	_	I-Depictive	I-Pupose?Circumstances	1		I-Pupose?Circumstances
	4	지속적인	_	_	I-Depictive	I-Pupose?Circumstances	1		I-Pupose?Circumstances
	5	감소로,	_	_	I-Depictive	I-Pupose?Circumstances	1		I-Pupose?Circumstances
	6	의지가	_	_	O	B-Speaker	1		B-Speaker
	7	강한	_	_	B-Speaker	I-Speaker	1		I-Speaker
	8	교구	_	_	I-Speaker	I-Speaker	1		
	9	목사들은	_	_	I-Speaker	I-Speaker	1		
	10	똑같이	_	_	O	O	1		
	11	의지가	_	_	B-Addressee	B-Addressee	1		
	12	강하고	_	_	I-Addressee	I-Addressee	1		
	13	비종교적인	_	_	I-Addressee	I-Addressee	1		
	14	종지기들을	_	_	I-Addressee	I-Addressee	1		
	15	예배에	_	_	B-Content	B-Content	1		
	16	참석하도록	_	_	I-Content	I-Content	1		
	17	압박하고	압박하다.v	Attempt_suasion	O	O	1		
	18	있다.	_	_	O	O	1		
									
40	#anno-id:173								
	#text:영국 교회의 회원 수의 지속적인 감소로, 의지가 강한 교구 목사들은 똑같이 의지가 강하고 비종교적인 종지기들을 예배에 참석하도록 압박하고 있다.								
	0	영국	_	_	O	O	1		
	1	교회의	_	_	O	O	1		
	2	회원	_	_	O	O	1		
	3	수의	_	_	O	O	1		
	4	지속적인	_	_	O	O	1		
	5	감소로,	_	_	O	O	1		
	6	의지가	_	_	O	O	1		
	7	강한	_	_	O	O	1		
	8	교구	_	_	O	O	1		
	9	목사들은	_	_	O	O	1		
	10	똑같이	_	_	O	B-Agent	0	B-Agent	
	11	의지가	_	_	O	I-Agent	1	I-Agent	B-Agent
	12	강하고	_	_	O	I-Agent	1	I-Agent	I-Agent
	13	비종교적인	_	_	O	I-Agent	1	I-Agent	I-Agent
	14	종지기들을	종지기들.n	Cause_to_make_noise	O	I-Agent	1	I-Agent	I-Agent
	15	예배에	_	_	O	O	1		
	16	참석하도록	_	_	O	O	1		
	17	압박하고	_	_	O	O	1		
	18	있다.	_	_	O	O	1		
									
41	#anno-id:180								
	#text:2년 전에, Devon의 Great Torrington 교구 목사인 Jeremy Hummerstone 목사는 예배에 참석하지 않는 종지기들에 너무나 질려서 그는 전 단원을 해고시켰고; 종지기들은 즉시 항의 피켓 라인을 설치하였다.								
	0	2년	_	_	B-Time	B-Time	1		
	1	전에,	_	_	I-Time	I-Time	1		
	2	Devon의	_	_	B-Entity	B-Entity	1		
	3	Great	_	_	I-Entity	I-Entity	1		
	4	Torrington	_	_	I-Entity	I-Entity	1		
	5	교구	_	_	I-Entity	I-Entity	1		
	6	목사인	_	_	I-Entity	I-Entity	1		
	7	Jeremy	_	_	I-Entity	I-Entity	1		
	8	Hummerstone	_	_	I-Entity	I-Entity	1		
	9	목사는	_	_	I-Entity	I-Entity	1		
	10	예배에	_	_	B-Final_state	B-Explanation	0	B-Final_state	B-Explanation
	11	참석하지	_	_	I-Final_state	I-Explanation	0	I-Final_state	I-Explanation
	12	않는	_	_	I-Final_state	I-Explanation	0	I-Final_state	I-Explanation
	13	종지기들에	_	_	I-Final_state	I-Explanation	0	I-Final_state	I-Explanation
	14	너무나	_	_	I-Final_state	I-Explanation	0	I-Final_state	I-Explanation
	15	질려서	질리다.v	Becoming	I-Final_state	I-Explanation	0	I-Final_state	I-Explanation
	16	그는	_	_	I-Final_state	B-Final_category	0		B-Final_state? X?
	17	전	_	_	I-Final_state	I-Final_category	0		X?
	18	단원을	_	_	I-Final_state	I-Final_category	0		X?
	19	해고시켰고;	_	_	I-Final_state	I-Final_category	0		X?
	20	종지기들은	_	_	O	O	1		
	21	즉시	_	_	O	O	1		
	22	항의	_	_	O	O	1		
	23	피켓	_	_	O	O	1		
	24	라인을	_	_	O	O	1		
	25	설치하였다.	_	_	O	O	1		
									
42	#anno-id:198								
	#text:한 설문조사에 의하면 오늘날 영국의 100,000명의 훈련된 종지기들 중에서, 40,000 명만이 아직도 종을 친다고 한다.								
	0	한	_	_	O	O	1		
	1	설문조사에	_	_	O	O	1		
	2	의하면	_	_	O	O	1		
	3	오늘날	_	_	O	O	0	1	B-Group
	4	영국의	_	_	O	B-Group	1	B-Group	I-Group
	5	100,000명의	_	_	O	I-Group	1	I-Group	I-Group
	6	훈련된	_	_	O	I-Group	1	I-Group	I-Group
	7	종지기들	_	_	B-Group	I-Group	1	I-Group	I-Group
	8	중에서,	중.n	Partitive	O	O	1		
	9	40000	_	_	B-Subset	B-Subset	1	B-Subset	
	10	명만이	_	_	I-Subset	I-Subset	1	I-Subset	
	11	아직도	_	_	O	O	1		
	12	종을	_	_	O	O	1		
	13	친다고	_	_	O	O	1		
	14	한다.	_	_	O	O	1		
									
43	#anno-id:199								
	#text:또한, 종지기들은 작은 시골 교구와 도심 지역 교회와 같이, 종이 울릴 필요가 있는 곳에서 항상 살지는 않는다.								
	0	또한,	_	_	O	O	1		
	1	종지기들은	_	_	B-Resident	B-Resident	1	B-Resident	
	2	작은	_	_	B-Location	B-Location	1	B-Location	
	3	시골	_	_	I-Location	I-Location	1	I-Location	
	4	교구와	_	_	I-Location	I-Location	1	I-Location	
	5	도심	_	_	I-Location	I-Location	1	I-Location	
	6	지역	_	_	I-Location	I-Location	1	I-Location	
	7	교회와	_	_	I-Location	I-Location	1	I-Location	
	8	같이,	_	_	I-Location	I-Location	0	O	
	9	종이	_	_	I-Location	I-Location	1	B-Location	
	10	울릴	_	_	I-Location	I-Location	1	I-Location	
	11	필요가	_	_	I-Location	I-Location	1	I-Location	
	12	있는	_	_	I-Location	I-Location	1	I-Location	
	13	곳에서	_	_	I-Location	I-Location	1	I-Location	
	14	항상	_	_	B-Frequency	B-Frequency	0	B-Frequency	B-Manner?
	15	살지는	살지다.a	Residence	O	O	1		
	16	않는다.	_	_	O	O	1		
									
44	#anno-id:201								
	#text:또한, 종지기들은 작은 시골 교구와 도심 지역 교회와 같이, 종이 울릴 울려야 하는 있는 곳에서 항상 살지는 않는다.								
	0	또한,	_	_	O	O	1		
	1	종지기들은	_	_	O	O	1		
	2	작은	_	_	O	O	1		
	3	시골	_	_	O	O	1		
	4	교구와	_	_	O	O	1		
	5	도심	_	_	O	O	1		
	6	지역	_	_	O	O	1		
	7	교회와	_	_	O	O	1		
	8	같이,	_	_	O	O	1		
	9	종이	_	_	B-Dependent	B-Dependent	1	B-Dependent	
	10	울릴	_	_	B-Requirement	B-Requirement	0	?	
	11	울려야	-야_하다.v	Have_as_requirement	O	?	1	I-Dependent	"""필요가 있는""?"
	12	하는	-야_하다.v	Have_as_requirement	O	?	1		
	13	있는	_	_	O	O	1		
	14	곳에서	_	_	O	O	1		
	15	항상	_	_	O	O	1		
	16	살지는	_	_	O	O	1		
	17	않는다.	_	_	O	O	1		
							1		
45	#anno-id:211								
	#text:그러나 종지기를 끌어들이고 훈련하기 위한 위원회의 프로그램은 부분적으로만 성공적이라고 Baldwin 씨는 말한다.								
	0	그러나	_	_	O	O	1		
	1	종지기를	_	_	B-Goal	B-Goal	1	B-Goal	
	2	끌어들이고	_	_	I-Goal	I-Goal	1	I-Goal	
	3	훈련하기	_	_	I-Goal	I-Goal	1	I-Goal	
	4	위한	_	_	I-Goal	I-Goal	1	I-Goal	
	5	위원회의	_	_	B-Agent	B-Agent	1	B-Agent	
	6	프로그램은	프로그램.n	Project	O	O	1		
	7	부분적으로만	_	_	O	O	1		
	8	성공적이라고	_	_	O	O	1		
	9	Baldwin	_	_	O	O	1		
	10	씨는	_	_	O	O	1		
	11	말한다.	_	_	O	O	1		
									
46	#anno-id:218								
	#text:한 가지 밝은 신호는 늘어나는 숫자의 여성들이 한때 남성이 지배적이었던 분야에 들어오고 있다는 점이다 ; 오늘날 종지기의 삼분의 일 이상이 여성이다.								
	0	한	_	_	O	O	1		
	1	가지	_	_	O	O	1		
	2	밝은	_	_	O	O	1		
	3	신호는	_	_	O	O	1		
	4	늘어나는	늘어나다.v	Change_position_on_a_scale	O	B-Attribute	1		
	5	숫자의	_	_	B-Attribute	I-Attribute	1	B-Attribute	
	6	여성들이	_	_	I-Attribute	B-Item	0	I-Attribute	B-Item
	7	한때	_	_	O	B-Result	1		
	8	남성이	_	_	O	I-Result	1		
	9	지배적이었던	_	_	O	B-Result	1		
	10	분야에	_	_	O	I-Result	1		
	11	들어오고	_	_	O	B-Result	1		
	12	있다는	_	_	O	I-Result	1		
	13	점이다	_	_	O	B-Result	1		
	14	;	_	_	O	I-Result	1		
	15	오늘날	_	_	O	O	0		B-Result
	16	종지기의	_	_	O	O	0		I-Result
	17	삼분의	_	_	O	O	0		I-Result
	18	일	_	_	O	O	0		I-Result
	19	이상이	_	_	O	O	0		I-Result
	20	여성이다.	_	_	O	O	0		I-Result
									
47	#anno-id:219								
	#text:한 가지 밝은 신호는 늘어나는 숫자의 여성들이 한때 남성이 지배적이었던 분야에 들어오고 있다는 점이다 ; 오늘날 종지기의 삼분의 일 이상이 여성이다.								
	0	한	_	_	O	O	1		
	1	가지	_	_	O	O	1		
	2	밝은	_	_	B-Degree	B-Indicator	0	B-Indicator	
	3	신호는	신호.n	Sign	O	I-Indicator	0	I-Indicator	
	4	늘어나는	_	_	B-Indicator	O	0	O	
	5	숫자의	_	_	I-Indicator	O	0	O	
	6	여성들이	_	_	I-Indicator	O	0	O	
	7	한때	_	_	I-Indicator	O	0	O	
	8	남성이	_	_	I-Indicator	O	0	O	
	9	지배적이었던	_	_	I-Indicator	O	0	O	
	10	분야에	_	_	I-Indicator	O	0	O	
	11	들어오고	_	_	I-Indicator	O	0	O	
	12	있다는	_	_	I-Indicator	O	0	O	
	13	점이다	_	_	I-Indicator	O	0	O	
	14	;	_	_	O	O	1		
	15	오늘날	_	_	O	B-Indicated	0		B-Indicated
	16	종지기의	_	_	O	I-Indicated	0		I-Indicated
	17	삼분의	_	_	O	I-Indicated	0		I-Indicated
	18	일	_	_	O	I-Indicated	0		I-Indicated
	19	이상이	_	_	O	I-Indicated	0		I-Indicated
	20	여성이다.	_	_	O	I-Indicated	0		I-Indicated
									
48	#anno-id:224								
	#text:나라에서 가장 오래된 종치기 그룹인 Ancient Society of College Youths는 1637년에 설립되었고, 남성만으로 남아 있는데, 이 그룹이 영국의 가장 명망이 있는 교회인 St.								
	0	나라에서	_	_	B-Created_entity	B-Created_entity	1	B-Created_entity	
	1	가장	_	_	I-Created_entity	I-Created_entity	1	I-Created_entity	
	2	오래된	_	_	I-Created_entity	I-Created_entity	1	I-Created_entity	
	3	종치기	_	_	I-Created_entity	I-Created_entity	1	I-Created_entity	
	4	그룹인	_	_	I-Created_entity	I-Created_entity	1	I-Created_entity	
	5	Ancient	_	_	I-Created_entity	I-Created_entity	1	I-Created_entity	
	6	Society	_	_	I-Created_entity	I-Created_entity	1	I-Created_entity	
	7	of	_	_	I-Created_entity	I-Created_entity	1	I-Created_entity	
	8	College	_	_	I-Created_entity	I-Created_entity	1	I-Created_entity	
	9	Youths는	_	_	I-Created_entity	I-Created_entity	1	I-Created_entity	
	10	1637년에	_	_	B-Time	B-Time	1	B-Time	
	11	설립되었고,	설립되다.v	Intentionally_create	O	O	1		
	12	남성만으로	_	_	O	O	1		
	13	남아	_	_	O	O	1		
	14	있는데,	_	_	O	O	1		
	15	이	_	_	O	O	1		
	16	그룹이	_	_	O	O	1		
	17	영국의	_	_	O	O	1		
	18	가장	_	_	O	O	1		
	19	명망이	_	_	O	O	1		
	20	있는	_	_	O	O	1		
	21	교회인	_	_	O	O	1		
	22	St.	_	_	O	O	1		
									
49	#anno-id:236								
	#text:그는 그의 승리가 그의 성장지향의 경제개혁을 계속하라는 권한위임이지 그가 더 좌파로 이동하라는 요구가 아니라는 것을 감안해야 한다.								
	0	그는	_	_	O	O	1		
	1	그의	_	_	O	O	1		
	2	승리가	_	_	O	O	1		
	3	그의	_	_	O	B-Descriptor	0		B-Domain
	4	성장지향의	_	_	O	I-Descriptor	0		I-Domain
	5	경제개혁을	경제.n	Economy	O	O	1		
	6	계속하라는	_	_	O	O	1		
	7	권한위임이지	_	_	O	O	1		
	8	그가	_	_	O	O	1		
	9	더	_	_	O	O	1		
	10	좌파로	_	_	O	O	1		
	11	이동하라는	_	_	O	O	1		
	12	요구가	_	_	O	O	1		
	13	아니라는	_	_	O	O	1		
	14	것을	_	_	O	O	1		
	15	감안해야	_	_	O	O	1		
	16	한다.	_	_	O	O	1		
									
50	#anno-id:243								
	#text:그가 정도를 따른다면, 이번 선거를 극좌 야당의 고조점으로 뒤돌아볼 수 있을 것이다.								
	0	그가	_	_	B-Entity	B-Entity	1	B-Entity	
	1	정도를	_	_	B-Circumstances	B-Circumstances	1	B-Circumstances	
	2	따른다면,	_	_	I-Circumstances	I-Circumstances	1	I-Circumstances	
	3	이번	_	_	B-Event	B-Event	1	B-Event	
	4	선거를	_	_	I-Event	I-Event	1	I-Event	
	5	극좌	_	_	I-Event	I-Event	0	B-Relevant_feature	
	6	야당의	_	_	I-Event	I-Event	0	I-Relevant_feature	
	7	고조점으로	_	_	I-Event	I-Event	0	I-Relevant_feature	
	8	뒤돌아볼	_	_	I-Event	I-Event	0	I-Relevant_feature	
	9	수	수_있다.a	Capability	O	O	1		
	10	있을	수_있다.a	Capability	O	O	1		
	11	것이다.	_	_	O	O	1		
									
51	#anno-id:246								
	#text:극좌파는 비록 그것들을 다루기 위한 좋은 프로그램들은 가지고 있지 않았지만 몇 몇 좋은 이슈들은 가지고 있었다.								
	0	극좌파는	_	_	O	O	1		
	1	비록	_	_	O	B-Purpose	0		B-Purpose
	2	그것들을	_	_	O	I-Purpose	0		I-Purpose
	3	다루기	_	_	O	I-Purpose	0		I-Purpose
	4	위한	_	_	O	I-Purpose	0		I-Purpose
	5	좋은	좋다.a	Usefulness	O	O	1		
	6	프로그램들은	_	_	O	O	1	B-Entity	B-Entity
	7	가지고	_	_	O	O	1		
	8	있지	_	_	O	O	1		
	9	않았지만	_	_	O	O	1		
	10	몇	_	_	O	O	1		
	11	몇	_	_	O	O	1		
	12	좋은	_	_	O	O	1		
	13	이슈들은	_	_	B-Entity	B-Entity	1		
	14	가지고	_	_	O	O	1		
	15	있었다.	_	_	O	O	1		
									
52	#anno-id:249								
	#text:극좌파는 비록 그것들을 다루기 위한 좋은 프로그램들은 가지고 있지 않았지만 몇 몇 좋은 이슈들은 가지고 있었다.								
	0	극좌파는	_	_	B-Owner	B-Owner	1	B-Owner	
	1	비록	_	_	O	O	1		
	2	그것들을	_	_	B-Possession	B-Possession	1	B-Possession	
	3	다루기	_	_	I-Possession	I-Possession	1	I-Possession	
	4	위한	_	_	I-Possession	I-Possession	1	I-Possession	
	5	좋은	_	_	I-Possession	I-Possession	1	I-Possession	
	6	프로그램들은	_	_	I-Possession	I-Possession	1	I-Possession	
	7	가지고	가지다.v	Possession	O	O	1		
	8	있지	_	_	O	O	1		
	9	않았지만	_	_	O	O	1		
	10	몇	_	_	O	O	1		
	11	몇	_	_	O	O	1		
	12	좋은	_	_	O	O	1		
	13	이슈들은	_	_	O	O	1		
	14	가지고	_	_	O	O	1		
	15	있었다.	_	_	O	O	1		
									
53	#anno-id:257								
	#text:대규모 빈곤이 여전히 존재하고 있다.								
	0	대규모	_	_	O	B-Degree	0	B-Degree	
	1	빈곤이	빈곤.n	Wealthiness	O	O	1		
	2	여전히	_	_	O	O	1		
	3	존재하고	_	_	O	O	1		
	4	있다.	_	_	O	O	1		
									
54	#anno-id:263								
	#text:Gonzalez 씨와 그의 동료들, 특히 재무장관 Carlos Solchaga는 그들의 사회주의 원칙을 버리고 그들의 고발자들에 맞서기 위해 (국가가 통제하는) 텔레비전에 나가는 것 조차 거부하는 거만한 엘리트주의자가 되었다고 비난 받았다.								
	0	Gonzalez	_	_	O	O	1	B-Speaker	B-Speaker
	1	씨와	_	_	O	O	1	I-Speaker	I-Speaker
	2	그의	_	_	O	O	1	I-Speaker	I-Speaker
	3	동료들,	_	_	O	O	1	I-Speaker	I-Speaker
	4	특히	_	_	O	O	1	I-Speaker	I-Speaker
	5	재무장관	_	_	O	O	1	I-Speaker	I-Speaker
	6	Carlos	_	_	O	O	1	I-Speaker	I-Speaker
	7	Solchaga는	_	_	O	O	1	I-Speaker	I-Speaker
	8	그들의	_	_	O	O	0	B-Proposed_action	
	9	사회주의	_	_	O	O	0	I-Proposed_action	
	10	원칙을	_	_	O	O	0	I-Proposed_action	
	11	버리고	_	_	O	O	0	I-Proposed_action	
	12	그들의	_	_	B-Proposed_action	O	0	I-Proposed_action	O
	13	고발자들에	_	_	I-Proposed_action	O	0	I-Proposed_action	O
	14	맞서기	_	_	I-Proposed_action	O	0	I-Proposed_action	O
	15	위해	_	_	I-Proposed_action	O	0	I-Proposed_action	O
	16	(국가가	_	_	I-Proposed_action	B-Proposed_action	0	I-Proposed_action	B-Proposed_action
	17	통제하는)	_	_	I-Proposed_action	I-Proposed_action	1	I-Proposed_action	
	18	텔레비전에	_	_	I-Proposed_action	I-Proposed_action	1	I-Proposed_action	
	19	나가는	_	_	I-Proposed_action	I-Proposed_action	1	I-Proposed_action	
	20	것	_	_	I-Proposed_action	I-Proposed_action	1	I-Proposed_action	
	21	조차	_	_	O	O	1		
	22	거부하는	거부하다.v	Agree_or_refuse_to_act	O	O	1		
	23	거만한	_	_	B-Speaker	B-Depictive	0	B-Speaker	B-Depictive
	24	엘리트주의자가	_	_	I-Speaker	I-Depictive	0	I-Speaker	I-Depictive
	25	되었다고	_	_	O	O	1		
	26	비난	_	_	O	O	1		
	27	받았다.	_	_	O	O	1		
									
55	#anno-id:279								
	#text:금년 8월까지 순 외국 투자는 작년 비율의 약 두 배인 12.5 십억 달러의 페이스로 달리고 있다.								
	0	금년	_	_	B-Time	B-Time	1	B-Time	
	1	8월까지	_	_	I-Time	I-Time	1	I-Time	
	2	순	_	_	B-Entity	B-Entity	1	B-Entity	
	3	외국	_	_	I-Entity	I-Entity	1	I-Entity	
	4	투자는	_	_	I-Entity	I-Entity	1	I-Entity	
	5	작년	_	_	O	B-Degree	0		B-Degree
	6	비율의	_	_	O	I-Degree	0		I-Degree
	7	약	_	_	O	I-Degree	0		I-Degree
	8	두	_	_	O	I-Degree	0		I-Degree
	9	배인	_	_	O	I-Degree	0		I-Degree
	10	12.5	_	_	B-Speed	B-Speed	1	B-Speed	
	11	십억	_	_	I-Speed	I-Speed	1	I-Speed	
	12	달러의	_	_	I-Speed	I-Speed	1	I-Speed	
	13	페이스로	페이스.n	Speed_description	O	O	1		
	14	달리고	_	_	O	O	1		
	15	있다.	_	_	O	O	1		
									
56	#anno-id:281								
	#text:Gonzalez 씨는 또한 스페인의 NATO 공약을 재확인하고 미국과의 방어조약을 갱신함에 있어서 좌파와 결별하였다.								
	0	Gonzalez	_	_	B-Agent	B-Agent	1	B-Agent	
	1	씨는	_	_	I-Agent	I-Agent	1	I-Agent	
	2	또한	_	_	O	O	1		
	3	스페인의	_	_	O	O	1		
	4	NATO	_	_	O	O	1		
	5	공약을	_	_	O	O	1		
	6	재확인하고	_	_	O	O	1		
	7	미국과의	_	_	B-Activity	B-Activity	1	B-Activity	
	8	방어조약을	_	_	I-Activity	I-Activity	1	I-Activity	
	9	갱신함에	갱신하다.v	Activity_resume	O	O	1		
	10	있어서	_	_	O	O	1		
	11	좌파와	_	_	O	B-Result	1	B-Result	B-Result?
	12	결별하였다.	_	_	O	I-Result	1	I-Result	I-Result?
									
57	#anno-id:285								
	#text:Gonzalez 씨는 그러나 꽤 드러나지 않은 공급 중시의 혁명가는 아니다.								
	0	Gonzalez	_	_	O	O	1	B-New_leader	B-New_leader?
	1	씨는	_	_	O	O	1	I-New_leader	I-New_leader?
	2	그러나	_	_	O	O	1		
	3	꽤	_	_	O	O	0	B-Degree	
	4	드러나지	_	_	B-Depictive	B-Depictive	1	B-Depictive	
	5	않은	_	_	I-Depictive	I-Depictive	1	I-Depictive	
	6	공급	_	_	I-Depictive	I-Depictive	1	I-Depictive	
	7	중시의	_	_	I-Depictive	I-Depictive	1	I-Depictive	
	8	혁명가는	혁명가.n	Change_of_leadership	O	B-Role	0		B-Role?
	9	아니다.	_	_	O	O	1		
									
58	#anno-id:290								
	#text:그는 세율 삭감은 수익을 더 낮추는 것이 아니라 더 높인다는 사실을 인정하여, 부와 소득에서 세율을 더 감소시키도록 해야만 하였다.								
	0	그는	_	_	O	O	1		
	1	세율	_	_	B-Cause	B-Cause	1	B-Cause	
	2	삭감은	_	_	I-Cause	I-Cause	1	I-Cause	
	3	수익을	_	_	B-Created_entity	B-Created_entity	1	B-Created_entity	
	4	더	_	_	I-Created_entity	B-Depictive	0	I-Created_entity	O?
	5	낮추는	_	_	I-Created_entity	I-Depictive	0	I-Created_entity	O?
	6	것이	_	_	I-Created_entity	I-Depictive	0	I-Created_entity	O?
	7	아니라	_	_	I-Created_entity	I-Depictive	0	I-Created_entity	O?
	8	더	_	_	I-Created_entity	I-Depictive	0	I-Created_entity	B-Manner
	9	높인다는	높이다.v	Creating	O	O	1		
	10	사실을	_	_	O	O	1		
	11	인정하여,	_	_	O	O	1		
	12	부와	_	_	O	O	1		
	13	소득에서	_	_	O	O	1		
	14	세율을	_	_	O	O	1		
	15	더	_	_	O	O	1		
	16	감소시키도록	_	_	O	O	1		
	17	해야만	_	_	O	O	1		
	18	하였다.	_	_	O	O	1		
									
59	#anno-id:292								
	#text:그는 세율 삭감은 수익을 더 낮추는 것이 아니라 더 높인다는 사실을 인정하여, 부와 소득에서 세율을 더 감소시키도록 해야만 하였다.								
	0	그는	_	_	B-Agent	B-Agent	1	B-Agent	
	1	세율	_	_	O	O	1		
	2	삭감은	_	_	O	O	1		
	3	수익을	_	_	O	O	0		B-Co-variable?
	4	더	_	_	O	O	1		
	5	낮추는	_	_	O	O	1		
	6	것이	_	_	O	O	1		
	7	아니라	_	_	O	O	1		
	8	더	_	_	O	O	1		
	9	높인다는	_	_	O	O	1		
	10	사실을	_	_	O	O	1		
	11	인정하여,	_	_	O	O	1		
	12	부와	_	_	B-Attribute	B-Attribute	1	B-Attribute	
	13	소득에서	_	_	I-Attribute	I-Attribute	1	I-Attribute	
	14	세율을	_	_	I-Attribute	I-Attribute	1	I-Attribute	
	15	더	_	_	O	O	1		
	16	감소시키도록	감소시키다.v	Cause_change_of_position_on_a_scale	O	O	1		
	17	해야만	_	_	O	O	1		
	18	하였다.	_	_	O	O	1		
									
60	#anno-id:299								
	#text:적을 달래기 위해 Gonzalez 씨가 그들을 포기하는 것은 슬플 것이다.								
	0	적을	_	_	B-Stimulus	O	0	B-Circumstance	
	1	달래기	_	_	I-Stimulus	O	0	I-Circumstance	
	2	위해	_	_	I-Stimulus	O	0	I-Circumstance	
	3	Gonzalez	_	_	I-Stimulus	B-Stimulus	0	B-Experiencer	
	4	씨가	_	_	I-Stimulus	I-Stimulus	0	B-Stimulus	
	5	그들을	_	_	I-Stimulus	I-Stimulus	1	I-Stimulus	
	6	포기하는	_	_	I-Stimulus	I-Stimulus	1	I-Stimulus	
	7	것은	_	_	I-Stimulus	I-Stimulus	1	I-Stimulus	
	8	슬플	슬프다.a	Stimulus_focus	O	O	1		
	9	것이다.	_	_	O	O	1		
									
61	#anno-id:304								
	#text:화요일의 파괴적인 지진 후 길고, 무서운 밤에 Bay Area 주민들은 그들이 할 수 있는 곳에서는 어디에서나 평안과 위로를 찾았다.								
	0	화요일의	_	_	B-Time	B-Time	1	B-Time	
	1	파괴적인	_	_	I-Time	I-Time	0	B-Descriptive	
	2	지진	지진.n	Moving_in_place	I-Time	I-Time	0		
	3	후	_	_	I-Time	I-Time	0		
	4	길고,	_	_	O	O	1		
	5	무서운	_	_	O	O	1		
	6	밤에	_	_	O	O	1		
	7	Bay	_	_	O	B-Place; O	0	B-Place	
	8	Area	_	_	O	I-Place; O	0	I-Place	
	9	주민들은	_	_	O	O	1		
	10	그들이	_	_	O	O	1		
	11	할	_	_	O	O	1		
	12	수	_	_	O	O	1		
	13	있는	_	_	O	O	1		
	14	곳에서는	_	_	O	O	1		
	15	어디에서나	_	_	O	O	1		
	16	평안과	_	_	O	O	1		
	17	위로를	_	_	O	O	1		
	18	찾았다.	_	_	O	O	1		
									
62	#anno-id:305								
	#text:화요일의 파괴적인 지진 후 길고, 무서운 밤에 Bay Area 주민들은 그들이 할 수 있는 곳에서는 어디에서나 평안과 위로를 찾았다.								
	0	화요일의	_	_	B-Relative_time	B-Landmark_period	0	B-Landmark_period	
	1	파괴적인	_	_	I-Relative_time	I-Landmark_period	0	I-Landmark_period	
	2	지진	_	_	I-Relative_time	I-Landmark_period	0	I-Landmark_period	
	3	후	_	_	I-Relative_time	I-Landmark_period	0	I-Landmark_period	
	4	길고,	_	_	O	O	1		
	5	무서운	_	_	O	O	1		
	6	밤에	밤.n	Calendric_unit	O	O	1		
	7	Bay	_	_	O	O	1		
	8	Area	_	_	O	O	1		
	9	주민들은	_	_	O	O	1		
	10	그들이	_	_	O	O	1		
	11	할	_	_	O	O	1		
	12	수	_	_	O	O	1		
	13	있는	_	_	O	O	1		
	14	곳에서는	_	_	O	O	1		
	15	어디에서나	_	_	O	O	1		
	16	평안과	_	_	O	O	1		
	17	위로를	_	_	O	O	1		
	18	찾았다.	_	_	O	O	1		
									
63	#anno-id:306								
	#text:화요일의 파괴적인 지진 후 길고, 무서운 밤에 Bay Area 주민들은 그들이 할 수 있는 곳에서는 어디에서나 평안과 위로를 찾았다.								
	0	화요일의	_	_	B-Landmark_event	B-Landmark_event	1	B-Landmark_event	
	1	파괴적인	_	_	I-Landmark_event	I-Landmark_event	1	I-Landmark_event	
	2	지진	_	_	I-Landmark_event	I-Landmark_event	1	I-Landmark_event	
	3	후	후.n	Time_vector	O	B-Direction	0	O	B-Direction
	4	길고,	_	_	B-Event	O	0	B-Event	O
	5	무서운	_	_	I-Event	O	0	I-Event	O
	6	밤에	_	_	I-Event	O	0	I-Event	O
	7	Bay	_	_	O	B-Event	0		B-Event
	8	Area	_	_	O	I-Event	0		I-Event
	9	주민들은	_	_	O	I-Event	0		I-Event
	10	그들이	_	_	O	I-Event	0		I-Event
	11	할	_	_	O	I-Event	0		I-Event
	12	수	_	_	O	I-Event	0		I-Event
	13	있는	_	_	O	I-Event	0		I-Event
	14	곳에서는	_	_	O	I-Event	0		I-Event
	15	어디에서나	_	_	O	I-Event	0		I-Event
	16	평안과	_	_	O	I-Event	0		I-Event
	17	위로를	_	_	O	I-Event	0		I-Event
	18	찾았다.	_	_	O	I-Event	0		I-Event
									
64	#anno-id:309								
	#text:수백 명의 캘리포니아인들은 지진 후 그들의 컴퓨터에 가서, 전화선을 통해 컴퓨터를 CB-라디오 형태로 연결하는 전자 게시판 상에서 서로를 점검하였다,								
	0	수백	_	_	B-Self_mover	B-Self_mover	1	B-Self_mover	
	1	명의	_	_	I-Self_mover	I-Self_mover	1	I-Self_mover	
	2	캘리포니아인들은	_	_	I-Self_mover	I-Self_mover	1	I-Self_mover	
	3	지진	_	_	B-Time	B-Time	1	B-Time	
	4	후	_	_	I-Time	I-Time	1	I-Time	
	5	그들의	_	_	B-Path	B-Goal	0	B-Goal	
	6	컴퓨터에	_	_	I-Path	I-Goal	0	I-Goal	
	7	가서,	가다.v	Self_motion	O	O	1		
	8	전화선을	_	_	O	O	1		
	9	통해	_	_	O	O	1		
	10	컴퓨터를	_	_	O	O	1		
	11	CB-라디오	_	_	O	O	1		
	12	형태로	_	_	O	O	1		
	13	연결하는	_	_	O	O	1		
	14	전자	_	_	O	O	1		
	15	게시판	_	_	O	O	1		
	16	상에서	_	_	O	O	1		
	17	서로를	_	_	O	B-Result	1		
	18	점검하였다,	_	_	O	I-Result	0	B-Result	
									
65	#anno-id:312								
	#text:수백 명의 캘리포니아인들은 지진 후 그들의 컴퓨터에 가서, 전화선을 통해 컴퓨터를 CB-라디오 형태로 연결하는 전자 게시판 상에서 서로를 점검하였다,								
	0	수백	_	_	O	O	1		
	1	명의	_	_	O	O	1		
	2	캘리포니아인들은	_	_	O	O	1		
	3	지진	_	_	O	O	1		
	4	후	_	_	O	O	1		
	5	그들의	_	_	O	O	1		
	6	컴퓨터에	_	_	O	O	1		
	7	가서,	_	_	O	O	1		
	8	전화선을	_	_	O	O	1		
	9	통해	_	_	O	O	1		
	10	컴퓨터를	_	_	O	O	1		
	11	CB-라디오	_	_	O	O	1		
	12	형태로	_	_	O	O	1		
	13	연결하는	_	_	O	O	1		
	14	전자	_	_	B-Ground	B-Ground	1	B-Ground	
	15	게시판	_	_	I-Ground	I-Ground	1	I-Ground	
	16	상에서	상.n	Locative_relation	O	I-Ground	0		I-Ground
	17	서로를	_	_	B-Figure	B-Figure	1	B-Figure	
	18	점검하였다,	_	_	I-Figure	I-Figure	1		O
									
66	#anno-id:315								
	#text:가장 생생한 보고들 가운데 일부는 전자 지하조직의 가장 활발한 거점 가운데 하나인 캘리포니아 Sausalito의 전자게시판 The Well로부터 나왔다.								
	0	가장	_	_	B-Group	B-Group	1	B-Group	
	1	생생한	_	_	I-Group	I-Group	1	I-Group	
	2	보고들	_	_	I-Group	I-Group	1	I-Group	
	3	가운데	가운데.n	Partitive	O	O	1	O	
	4	일부는	_	_	B-Subset	B-Subset	1	B-Subset	
	5	전자	_	_	O	O	1		
	6	지하조직의	_	_	O	O	1		
	7	가장	_	_	O	O	1		
	8	활발한	_	_	O	O	1		
	9	거점	_	_	O	O	1		
	10	가운데	_	_	O	O	1		
	11	하나인	_	_	O	O	1		
	12	캘리포니아	_	_	O	O	1		
	13	Sausalito의	_	_	O	O	1		
	14	전자게시판	_	_	O	O	1		
	15	The	_	_	O	O	1		
	16	Well로부터	_	_	O	O	1		
	17	나왔다.	_	_	O	O	1		
									
67	#anno-id:316								
	#text:가장 생생한 보고들 가운데 일부는 전자 지하조직의 가장 활발한 거점 가운데 하나인 캘리포니아 Sausalito의 전자게시판 The Well로부터 나왔다.								
	0	가장	_	_	B-Theme	B-Theme	1	B-Theme	
	1	생생한	_	_	I-Theme	I-Theme	1	I-Theme	
	2	보고들	_	_	I-Theme	I-Theme	1	I-Theme	
	3	가운데	_	_	I-Theme	I-Theme	1	I-Theme	
	4	일부는	_	_	I-Theme	I-Theme	1	I-Theme	
	5	전자	_	_	B-Means	B-Source	0	B-Source	
	6	지하조직의	_	_	I-Means	I-Source	0	I-Source	
	7	가장	_	_	I-Means	I-Source	0	I-Source	
	8	활발한	_	_	I-Means	I-Source	0	I-Source	
	9	거점	_	_	I-Means	I-Source	0	I-Source	
	10	가운데	_	_	I-Means	I-Source	0	I-Source	
	11	하나인	_	_	I-Means	I-Source	0	I-Source	
	12	캘리포니아	_	_	I-Means	I-Source	0	I-Source	
	13	Sausalito의	_	_	I-Means	I-Source	0	I-Source	
	14	전자게시판	_	_	I-Means	I-Source	0	I-Source	
	15	The	_	_	I-Means	I-Source	0	I-Source	
	16	Well로부터	_	_	I-Means	I-Source	0	I-Source	
	17	나왔다.	나오다.v	Arriving	O	O	1		
									
67	#anno-id:317								
	#text:지진이 The Well을 6 시간 동안 녹초시켰지만, 원상태로 돌아왔을 때 Well은 감동적인 직접 보도들로 가득했다.								
	0	지진이	_	_	O	B-Agent	0		B-Agent
	1	The	_	_	O	O	1		
	2	Well을	_	_	O	O	1		
	3	6	_	_	B-Count	B-Count	1	B-Count	
	4	시간	시간.n	Measure_duration	I-Count	B-Unit	1	B-Unit	B-Unit
	5	동안	_	_	O	O	1		
	6	녹초시켰지만,	_	_	O	B-Process	0		B-Process
	7	원상태로	_	_	O	O	1		
	8	돌아왔을	_	_	O	O	1		
	9	때	_	_	O	O	1		
	10	Well은	_	_	O	O	1		
	11	감동적인	_	_	O	O	1		
	12	직접	_	_	O	O	1		
	13	보도들로	_	_	O	O	1		
	14	가득했다.	_	_	O	O	1		
									
68	#anno-id:320								
	#text:지진이 The Well을 6시간 동안 녹초시켰지만, 원상태로 돌아왔을 때 Well은 감동적인 직접 보도들로 가득했다.								
	0	지진이	지진.n	Moving_in_place	O	B-Theme	1	B-Theme	B-Theme
	1	The	_	_	O	O	0	B-Fixed_location	
	2	Well을	_	_	O	O	0	I-Fixed_location	
	3	6시간	_	_	O	O	0	B-Time	
	4	동안	_	_	O	O	0	I-Time	
	5	녹초시켰지만,	_	_	O	B-Result	0	B-Result	
	6	원상태로	_	_	O	O	1		
	7	돌아왔을	_	_	O	O	1		
	8	때	_	_	O	O	1		
	9	Well은	_	_	O	O	1		
	10	감동적인	_	_	O	O	1		
	11	직접	_	_	O	O	1		
	12	보도들로	_	_	O	O	1		
	13	가득했다.	_	_	O	O	1		
									
69	#anno-id:324								
	#text:나는 도로의 낡은 건물의 3층에 있었고, 나의 심장 ( 쿵, 쿵 ! ) 외에는 무사하다.								
	0	나는	_	_	B-Figure	B-Figure	1	B-Figure	
	1	도로의	_	_	O	O	1	B-Ground	B-Ground
	2	낡은	_	_	B-Ground	B-Ground	1	I-Ground	I-Ground
	3	건물의	_	_	I-Ground	I-Ground	1	I-Ground	
	4	3층에	에.j	Locative_relation	I-Ground	I-Ground	1	I-Ground	
	5	있었고,	_	_	O	O	1		
	6	나의	_	_	O	O	1		
	7	심장	_	_	O	O	1		
	8	(	_	_	O	O	1		
	9	쿵,	_	_	O	O	1		
	10	쿵	_	_	O	O	1		
	11	!	_	_	O	O	1		
	12	)	_	_	O	O	1		
	13	외에는	_	_	O	O	1		
	14	무사하다.	_	_	O	O	1		
									
70	#anno-id:329								
	#text:Bolinas에 돌아왔을 때, 모든 것이 떨어져 있었다 : 바닥에 유리와 함께 깨진 포스터 프레임, 서류 캐비넷들은 열리거나 마루 위에 버려졌다.								
	0	Bolinas에	_	_	O	O	1		
	1	돌아왔을	_	_	O	O	1		
	2	때,	_	_	O	O	1		
	3	모든	_	_	O	O	1		
	4	것이	_	_	O	O	1		
	5	떨어져	_	_	O	O	1		
	6	있었다	_	_	O	O	1		
	7	:	_	_	O	O	1		
	8	바닥에	바닥.n	Architectural_part	O	B-Part	0	B-Whole	B-Part
	9	유리와	_	_	O	O	1		
	10	함께	_	_	O	O	1		
	11	깨진	_	_	O	O	1		
	12	포스터	_	_	O	O	1		
	13	프레임,	_	_	O	O	1		
	14	서류	_	_	O	O	1		
	15	캐비넷들은	_	_	O	O	1		
	16	열리거나	_	_	O	O	1		
	17	마루	_	_	O	O	1		
	18	위에	_	_	O	O	1		
	19	버려졌다.	_	_	O	O	1		
									
71	#anno-id:335								
	#text:끝없는 순간들 큰 창문이 찌그러지고 유리가 우리에게로 쏟아져 내리지 않을까 생각했다.								
	0	끝없는	_	_	B-Count	B-Count	1	B-Count	
	1	순간들	순간.n	Measure_duration	I-Count	B-Unit	0	I-Count	B-Unit
	2	큰	_	_	B-Process	B-Process	1	B-Process	
	3	창문이	_	_	I-Process	I-Process	1	I-Process	
	4	찌그러지고	_	_	I-Process	I-Process	1	I-Process	
	5	유리가	_	_	I-Process	I-Process	1	I-Process	
	6	우리에게로	_	_	I-Process	I-Process	1	I-Process	
	7	쏟아져	_	_	I-Process	I-Process	1	I-Process	
	8	내리지	_	_	I-Process	I-Process	1	I-Process	
	9	않을까	_	_	I-Process	I-Process	0		
	10	생각했다.	_	_	I-Process	I-Process	0		
									
72	#anno-id:336								
	#text:잠시동안 큰 창문이 찌그러지고 유리가 우리에게로 쏟아져 내리지 않을까 생각했다.								
	0	잠시동안	_	_	O	O	0	B-Time	
	1	큰	_	_	B-Topic	B-Topic	1	B-Topic	
	2	창문이	_	_	I-Topic	I-Topic	1	I-Topic	
	3	찌그러지고	_	_	I-Topic	I-Topic	1	I-Topic	
	4	유리가	_	_	I-Topic	I-Topic	1	I-Topic	
	5	우리에게로	_	_	I-Topic	I-Topic	1	I-Topic	
	6	쏟아져	_	_	I-Topic	I-Topic	1	I-Topic	
	7	내리지	_	_	I-Topic	I-Topic	1	I-Topic	
	8	않을까	_	_	I-Topic	I-Topic	1	I-Topic	
	9	생각했다.	생각하다.v	Cogitation	O	O	1		
									
73	#anno-id:337								
	#text:몇 권의 책만이 독서실에 떨어졌다.								
	0	몇	_	_	B-Theme	B-Theme	1	B-Theme	
	1	권의	_	_	I-Theme	I-Theme	1	I-Theme	
	2	책만이	_	_	I-Theme	I-Theme	1	I-Theme	
	3	독서실에	_	_	B-Place	B-Place	0	B-Area	
	4	떨어졌다.	떨어지다.v	Motion_directional	O	O	1		
									
74	#anno-id:343								
	#text:이 건물은 엄청나게 흔들렸고 흔들림은 더 강해졌다.								
	0	이	_	_	B-Theme	B-Theme	1	B-Theme	
	1	건물은	_	_	I-Theme	I-Theme	1	I-Theme	
	2	엄청나게	_	_	B-Manner	B-Manner	1	B-Manner	
	3	흔들렸고	흔들다.v	Moving_in_place	O	O	1		
	4	흔들림은	_	_	O	O	1		
	5	더	_	_	O	O	1		
	6	강해졌다.	_	_	O	O	1		
									
75	#anno-id:346								
	#text:많은 차들이 경적을 울리며 지나간다.								
	0	많은	_	_	O	B-Descriptor	0	B-Descriptor	
	1	차들이	차들.n	Vehicle	O	B-Vehicle	0	B-Vehicle	
	2	경적을	_	_	O	O	1		
	3	울리며	_	_	O	O	1		
	4	지나간다.	_	_	O	O	1		
									
76	#anno-id:353								
	#text:오전 12시 38분 DAYAC : 지진이 강타했을 때 나는 나의 트럭을 몰고 있었고, Oakland - Berkeley 국경에 있는 Shattuck과 Alcatraz 모퉁이의 신호등 빨간불에 멈추어 있었다.								
	0	오전	_	_	O	O	1		
	1	12시	_	_	O	O	1		
	2	38분	_	_	O	O	1		
	3	DAYAC	_	_	O	O	1		
	4	:	_	_	O	O	1		
	5	지진이	_	_	O	O	1		
	6	강타했을	_	_	O	O	1		
	7	때	_	_	O	O	1		
	8	나는	_	_	O	B-Figure	1	B-Figure	B-Figure
	9	나의	_	_	O	O	0	I-Figure	
	10	트럭을	_	_	O	O	0	I-Figure	
	11	몰고	_	_	O	O	1		
	12	있었고,	_	_	O	O	1		
	13	Oakland	_	_	O	B-Ground	0	B-Ground	
	14	-	_	_	O	I-Ground	0	I-Ground	
	15	Berkeley	_	_	O	I-Ground	0	I-Ground	
	16	국경에	국경.n	Locative_relation	O	I-Ground	0	I-Ground	
	17	있는	_	_	O	I-Ground	0	I-Ground	
	18	Shattuck과	_	_	B-Ground	I-Ground	0	I-Ground	
	19	Alcatraz	_	_	I-Ground	I-Ground	1	I-Ground	
	20	모퉁이의	_	_	I-Ground	I-Ground	1	I-Ground	
	21	신호등	_	_	O	O	1		
	22	빨간불에	_	_	O	O	1		
	23	멈추어	_	_	O	O	1		
	24	있었다.	_	_	O	O	1		
									
77	#anno-id:355								
	#text:오전 12시 38분 DAYAC : 지진이 강타했을 때 나는 나의 트럭을 몰고 있었고, Oakland - Berkeley 접경에 있는 Shattuck과 Alcatraz 모퉁이의 신호등 빨간불에 멈추어 있었다.								
	0	오전	_	_	O	O	1		
	1	12시	_	_	O	O	1		
	2	38분	_	_	O	O	1		
	3	DAYAC	_	_	O	O	1		
	4	:	_	_	O	O	1		
	5	지진이	_	_	O	O	1		
	6	강타했을	_	_	O	O	1		
	7	때	_	_	O	O	1		
	8	나는	_	_	O	O	1		
	9	나의	_	_	O	O	1		
	10	트럭을	_	_	O	O	1		
	11	몰고	_	_	O	O	1		
	12	있었고,	_	_	O	O	1		
	13	Oakland	_	_	B-Entities	B-Entities	1	B-Entities	
	14	-	_	_	I-Entities	I-Entities	1	I-Entities	
	15	Berkeley	_	_	I-Entities	I-Entities	1	I-Entities	
	16	접경에	접경.n	Boundary	O	B-Boundary	1	B-Boundary	B-Boundary
	17	있는	_	_	O	O	1		
	18	Shattuck과	_	_	O	O	1		
	19	Alcatraz	_	_	O	O	1		
	20	모퉁이의	_	_	O	O	1		
	21	신호등	_	_	O	O	1		
	22	빨간불에	_	_	O	O	1		
	23	멈추어	_	_	O	O	1		
	24	있었다.	_	_	O	O	1		
									
78	#anno-id:361								
	#text:최악인 것은 나의 머리 위로 흔들리는 송전선을 보는 것이었고 운전하여 떠날 방법이 없었다.								
	0	최악인	_	_	O	O	1		
	1	것은	_	_	O	O	1		
	2	나의	_	_	B-Place	B-Place	1	B-Place	
	3	머리	_	_	I-Place	I-Place	1	I-Place	
	4	위로	_	_	I-Place	I-Place	1	I-Place	
	5	흔들리는	흔들리다.v	Moving_in_place	O	O	1		
	6	송전선을	_	_	B-Theme	B-Theme	1	B-Theme	
	7	보는	_	_	O	O	1		
	8	것이었고	_	_	O	O	1		
	9	운전하여	_	_	O	O	1		
	10	떠날	_	_	O	O	1		
	11	방법이	_	_	O	O	1		
	12	없었다.	_	_	O	O	1		
									
79	#anno-id:362								
	#text:최악인 것은 나의 머리 위로 흔들리는 송전선을 보는 것이었고 운전하여 떠날 방법이 없었다.								
	0	최악인	_	_	O	O	1		
	1	것은	_	_	O	O	1		
	2	나의	_	_	B-Ground	B-Ground	1	B-Ground	
	3	머리	_	_	I-Ground	I-Ground	1	I-Ground	
	4	위로	위.n	Locative_relation	O	O	1	O	
	5	흔들리는	_	_	O	O	1	O	
	6	송전선을	_	_	B-Figure	B-Figure	1	B-Figure	
	7	보는	_	_	O	O	1		
	8	것이었고	_	_	O	O	1		
	9	운전하여	_	_	O	O	1		
	10	떠날	_	_	O	O	1		
	11	방법이	_	_	O	O	1		
	12	없었다.	_	_	O	O	1		
									
80	#anno-id:364								
	#text:그 이후 많은 가는 금들이 콘크리트 스라브에 생겼다.								
	0	그	_	_	O	O	1		
	1	이후	_	_	O	O	1		
	2	많은	많다.a	Quantity	O	B-Quantity	0		B-Quantity?
	3	가는	_	_	B-Individuals	B-Entity	1	B-Entity	B-Entity?
	4	금들이	_	_	I-Individuals	I-Entity	1	I-Entity	I-Entity?
	5	콘크리트	_	_	O	O	1		
	6	스라브에	_	_	O	O	1		
	7	생겼다.	_	_	O	O	1		
									
81	#anno-id:365								
	#text:그 이후 많은 가는 금들이 콘크리트 스라브에 생겼다.								
	0	그	_	_	O	O	1		
	1	이후	_	_	O	O	1		
	2	많은	_	_	B-Figure	B-Figure	1	B-Figure	
	3	가는	_	_	I-Figure	I-Figure	1	I-Figure	
	4	금들이	_	_	I-Figure	I-Figure	1	I-Figure	
	5	콘크리트	_	_	B-Ground	B-Ground	1	B-Ground	
	6	스라브에	에.j	Locative_relation	I-Ground	I-Ground	1	I-Ground	
	7	생겼다.	_	_	O	O	1		
									
82	#anno-id:372								
	#text:Richmond-San Rafael 다리를 건너기 전에 Chevron 정유공장을 내가 지날 때 지독한 가스 냄새가 있었다.								
	0	Richmond-San	_	_	B-Landmark_event	B-Landmark_event	0	B-Event	
	1	Rafael	_	_	I-Landmark_event	I-Landmark_event	0	I-Event	
	2	다리를	_	_	I-Landmark_event	I-Landmark_event	0	I-Event	
	3	건너기	_	_	I-Landmark_event	I-Landmark_event	0	I-Event	
	4	전에	전.n	Time_vector	O	B-Direction?	0		B-Direction?
	5	Chevron	_	_	O	O	1		
	6	정유공장을	_	_	O	O	1		
	7	내가	_	_	O	O	1		
	8	지날	_	_	O	O	1		
	9	때	_	_	O	O	1		
	10	지독한	_	_	O	B-Event	0		B-Event?
	11	가스	_	_	O	I-Event	0		I-Event?
	12	냄새가	_	_	O	I-Event	0		I-Event?
	13	있었다.	_	_	O	I-Event	0		I-Event?
									
83	#anno-id:373								
	#text:Richmond-San Rafael 다리를 건너기 전에 Chevron 정유공장을 내가 지날 때 지독한 가스 냄새가 있었다.								
	0	Richmond-San	_	_	O	O	1		
	1	Rafael	_	_	O	O	1		
	2	다리를	_	_	O	O	1		
	3	건너기	_	_	O	O	1		
	4	전에	_	_	O	O	1		
	5	Chevron	_	_	O	O	1		
	6	정유공장을	_	_	O	O	1		
	7	내가	_	_	O	O	1		
	8	지날	_	_	O	O	1		
	9	때	_	_	O	O	1		
	10	지독한	_	_	O	B-Descriptor	0	B-Substance	B-Descriptor
	11	가스	가스.n	Substance	O	B-Substance	0	I-Substance	B-Substance
	12	냄새가	_	_	O	I-Substance	1	I-Substance	I-Substance
	13	있었다.	_	_	O	O	1		
									
84	#anno-id:377								
	#text:나는 또한 샌프란시스코 Marina 지역의 끔찍한 화재로부터 만을 가로지르는 구름을 볼 수 있었다.								
	0	나는	_	_	O	O	1		
	1	또한	_	_	O	O	1		
	2	샌프란시스코	_	_	O	O	1		
	3	Marina	_	_	O	O	1		
	4	지역의	_	_	O	O	1		
	5	끔찍한	끔찍하다.a	Desirability	O	O	1		
	6	화재로부터	_	_	B-Evaluee	B-Evaluee	1	B-Evaluee	
	7	만을	_	_	O	O	1		
	8	가로지르는	_	_	O	O	1		
	9	구름을	_	_	O	O	1		
	10	볼	_	_	O	O	1		
	11	수	_	_	O	O	1		
	12	있었다.	_	_	O	O	1		
									
85	#anno-id:383								
	#text:나는 몇 개의 여진이 나의 몸을 흔들 것이라고 생각한다.								
	0	나는	_	_	B-Cognizer	B-Cognizer	1	B-Cognizer	
	1	몇	_	_	B-Content	B-Content	1	B-Content	
	2	개의	_	_	I-Content	I-Content	1	I-Content	
	3	여진이	_	_	I-Content	I-Content	1	I-Content	
	4	나의	_	_	I-Content	I-Content	0	B-Expressor	
	5	몸을	_	_	I-Content	I-Content	0	I-Expressor	
	6	흔들	_	_	I-Content	I-Content	0	I-Expressor	
	7	것이라고	_	_	I-Content	I-Content	0	I-Expressor	
	8	생각한다.	생각하다.v	Awareness	O	O	1		
									
86	#anno-id:384								
	#text:나는 몇 개의 여진이 나의 몸을 흔들 것이라고 생각한다.								
	0	나는	_	_	O	O	1		
	1	몇	_	_	O	O	1		
	2	개의	_	_	O	O	1		
	3	여진이	_	_	O	O	1		
	4	나의	_	_	B-Possessor	B-Possessor	0	B-Body_part	
	5	몸을	몸.n	Body_parts	O	I-Body_part	1	I-Body_part	B-Body_part
	6	흔들	_	_	O	O	1		
	7	것이라고	_	_	O	O	1		
	8	생각한다.	_	_	O	O	1		
									
87	#anno-id:387								
	#text:오전 1시 11분 RD : 모퉁이에 있는 건물은 심하게 파괴되었고, 그래서 한 나이든 여자와 그녀의 아주 늙은 어머니가 객실에 있다.								
	0	오전	_	_	O	O	1		
	1	1시	_	_	O	O	1		
	2	11분	_	_	O	O	1		
	3	RD	_	_	O	O	1		
	4	:	_	_	O	O	1		
	5	모퉁이에	_	_	O	O	1		
	6	있는	_	_	O	O	1		
	7	건물은	_	_	O	O	1		
	8	심하게	_	_	O	O	1		
	9	파괴되었고,	_	_	O	O	1		
	10	그래서	_	_	O	O	1		
	11	한	_	_	O	O	0		B-Alter
	12	나이든	_	_	O	O	0		I-Alter
	13	여자와	_	_	O	O	0		I-Alter
	14	그녀의	_	_	B-Alter	B-Ego	1	B-Ego	B-Ego
	15	아주	_	_	O	B-Descriptor	0	B-Alter	B-Descriptor
	16	늙은	_	_	O	I-Descriptor	0	I-Alter	I-Descriptor
	17	어머니가	어머니.n	Kinship	O	O	0	I-Alter	
	18	객실에	_	_	O	O	1		
	19	있다.	_	_	O	O	1		
									
88	#anno-id:402								
	#text:그리고 상황이 더 악화되자, 우리는 문을 향해 달려갔고 그리고 우리의 발 밑의 벽돌로 된 보도가 상하로 삐져나오고 꽃들이 이상한 리듬으로 흔들리는 것을 보면서 밖에서 몇 분간을 보냈다.								
	0	그리고	_	_	O	O	1		
	1	상황이	_	_	O	O	1		
	2	더	_	_	O	O	1		
	3	악화되자,	_	_	O	O	1		
	4	우리는	_	_	O	O	1		
	5	문을	_	_	O	O	1		
	6	향해	_	_	O	O	1		
	7	달려갔고	_	_	O	O	1		
	8	그리고	_	_	O	O	1		
	9	우리의	_	_	B-Ground	B-Ground	1	B-Ground	
	10	발	_	_	I-Ground	I-Ground	1	I-Ground	
	11	밑의	밑.n	Locative_relation	O	O	1		
	12	벽돌로	_	_	B-Figure	B-Figure	1	B-Figure	
	13	된	_	_	I-Figure	I-Figure	1	I-Figure	
	14	보도가	_	_	I-Figure	I-Figure	1	I-Figure	
	15	상하로	_	_	O	O	1		
	16	삐져나오고	_	_	O	O	1		
	17	꽃들이	_	_	O	O	1		
	18	이상한	_	_	O	O	1		
	19	리듬으로	_	_	O	O	1		
	20	흔들리는	_	_	O	O	1		
	21	것을	_	_	O	O	1		
	22	보면서	_	_	O	O	1		
	23	밖에서	_	_	O	O	1		
	24	몇	_	_	O	O	1		
	25	분간을	_	_	O	O	1		
	26	보냈다.	_	_	O	O	1		
									
89	#anno-id:414								
	#text:당분간 여기에서의 생활이 얼마나 힘들 것인가를 사람들이 인식하면서 오늘은 흥미로운 날일 것이다.								
	0	당분간	_	_	O	O	1		
	1	여기에서의	_	_	O	B-Activity	0		B-Activity
	2	생활이	_	_	B-Activity	I-Activity	1	B-Activity	I-Activity
	3	얼마나	_	_	B-Degree	B-Degree	1	B-Degree	
	4	힘들	힘들다.a	Difficulty	O	O	1		
	5	것인가를	_	_	O	O	1		
	6	사람들이	_	_	O	O	1		
	7	인식하면서	_	_	O	O	1		
	8	오늘은	_	_	O	O	1		
	9	흥미로운	_	_	O	O	1		
	10	날일	_	_	O	O	1		
	11	것이다.	_	_	O	O	1		
									
90	#anno-id:415								
	#text:당분간 여기에서의 생활이 얼마나 힘들 것인가를 사람들이 인식하면서 오늘은 흥미로운 날일 것이다.								
	0	당분간	_	_	B-Content	B-Content	1	B-Content	
	1	여기에서의	_	_	I-Content	I-Content	1	I-Content	
	2	생활이	_	_	I-Content	I-Content	1	I-Content	
	3	얼마나	_	_	I-Content	I-Content	1	I-Content	
	4	힘들	_	_	I-Content	I-Content	1	I-Content	
	5	것인가를	_	_	I-Content	I-Content	1	I-Content	
	6	사람들이	_	_	B-Cognizer	B-Cognizer	1	B-Cognizer	
	7	인식하면서	인식하다.v	Coming_to_believe	O	O	1		
	8	오늘은	_	_	O	O	1		
	9	흥미로운	_	_	O	O	1		
	10	날일	_	_	O	O	1		
	11	것이다.	_	_	O	O	1		
									
91	#anno-id:430								
	#text:찬장 문이 날아가고, 부엌의 쓰레기통이 몇 피트 움직였고, 개들이 달려왔으며, 나는 서둘러 개들을 개집에 넣고 나 자신이 출입구에 서서,밖의 쓰레기통들이 콘크리트를 가로질러 춤추는 것을 보았다.								
	0	찬장	_	_	B-Whole	B-Whole	1	B-Whole	
	1	문이	문.n	Connecting_architecture	O	B-Part	0		B-Part
	2	날아가고,	_	_	O	O	1		
	3	부엌의	_	_	O	O	1		
	4	쓰레기통이	_	_	O	O	1		
	5	몇	_	_	O	O	1		
	6	피트	_	_	O	O	1		
	7	움직였고,	_	_	O	O	1		
	8	개들이	_	_	O	O	1		
	9	달려왔으며,	_	_	O	O	1		
	10	나는	_	_	O	O	1		
	11	서둘러	_	_	O	O	1		
	12	개들을	_	_	O	O	1		
	13	개집에	_	_	O	O	1		
	14	넣고	_	_	O	O	1		
	15	나	_	_	O	O	1		
	16	자신이	_	_	O	O	1		
	17	출입구에	_	_	O	O	1		
	18	서서,밖의	_	_	O	O	1		
	19	쓰레기통들이	_	_	O	O	1		
	20	콘크리트를	_	_	O	O	1		
	21	가로질러	_	_	O	O	1		
	22	춤추는	_	_	O	O	1		
	23	것을	_	_	O	O	1		
	24	보았다.	_	_	O	O	1		
									
92	#anno-id:441								
	#text:가장 큰 어려움은 전화 연결을 할 수 없어서 알지 못하고 정말 끔찍스런 시간을 보낸 두려워하는 가족이었다.								
	0	가장	_	_	O	O	1		
	1	큰	_	_	O	O	1		
	2	어려움은	_	_	O	O	1		
	3	전화	_	_	B-Count	O	0		O
	4	연결을	_	_	O	O	1		
	5	할	_	_	O	O	1		
	6	수	_	_	O	O	1		
	7	없어서	_	_	O	O	1		
	8	알지	_	_	O	B-Process	0		B-Process?
	9	못하고	_	_	O	I-Process	0		I-Process?
	10	정말	_	_	O	I-Process	0	B-Process	
	11	끔찍스런	_	_	O	I-Process	0	I-Process	
	12	시간을	시간.n	Measure_duration	O	I-Process	0	I-Process	B-Unit
	13	보낸	_	_	O	I-Process	1		
	14	두려워하는	_	_	O	O	1		
	15	가족이었다.	_	_	O	B-Agent	0		B-Agent
									
93	#anno-id:442								
	#text:가장 큰 어려움은 전화 연결을 할 수 없어서 알지 못하고 정말 끔찍스런 시간을 보낸 두려워하는 가족이었다.								
	0	가장	_	_	O	O	1		
	1	큰	_	_	O	O	1		
	2	어려움은	어려움.n	Predicament	O	O	1		
	3	전화	_	_	O	B-Situation	1	B-Situation	B-Situation
	4	연결을	_	_	O	I-Situation	1	I-Situation	I-Situation
	5	할	_	_	O	I-Situation	1	I-Situation	I-Situation
	6	수	_	_	O	I-Situation	1	I-Situation	I-Situation
	7	없어서	_	_	O	I-Situation	1	I-Situation	I-Situation
	8	알지	_	_	O	I-Situation	1	I-Situation	I-Situation
	9	못하고	_	_	O	I-Situation	1	I-Situation	I-Situation
	10	정말	_	_	O	I-Situation	1	I-Situation	I-Situation
	11	끔찍스런	_	_	O	I-Situation	1	I-Situation	I-Situation
	12	시간을	_	_	O	I-Situation	1	I-Situation	I-Situation
	13	보낸	_	_	O	I-Situation	1	I-Situation	I-Situation
	14	두려워하는	_	_	O	B-Experiencer	0	B-Experiencer	I-Situation
	15	가족이었다.	_	_	O	I-Experiencer	0	I-Experiencer	I-Situation
									
94	#anno-id:446								
	#text:오전 8시 1분 HLR : 잔디가 바다 파도처럼 구르기 시작했을 때 Judy와 나는 뒤뜰에 있었다.								
	0	오전	_	_	O	O	1		
	1	8시	_	_	O	O	1		
	2	1분	_	_	O	O	1		
	3	HLR	_	_	O	O	1		
	4	:	_	_	O	O	1		
	5	잔디가	_	_	O	O	1		
	6	바다	_	_	O	O	1		
	7	파도처럼	_	_	O	O	1		
	8	구르기	_	_	O	O	1		
	9	시작했을	_	_	O	O	1		
	10	때	_	_	O	O	1		
	11	Judy와	_	_	B-Figure	B-Figures	0	B-Figure	B-Figures
	12	나는	_	_	I-Figure	I-Figures	0	I-Figure	I-Figures
	13	뒤뜰에	-에.j	Locative_relation	B-Ground	B-Ground	1	B-Ground	
	14	있었다.	_	_	O	O	1		
									
95	#anno-id:451								
	#text:우리는 Mame을 잡으려고 집안으로 뛰어들었으나, 그 다음의 진동이 나를 공중으로 팽개쳤고 그리고 내가 일어서려고 하자 나를 튕겨버렸다.								
	0	우리는	_	_	B-Self_mover	B-Self_mover	1	B-Self_mover	
	1	Mame을	_	_	B-Purpose	B-Purpose	1	B-Purpose	
	2	잡으려고	_	_	I-Purpose	I-Purpose	1	I-Purpose	
	3	집안으로	_	_	B-Goal	B-Goal	1	B-Goal	
	4	뛰어들었으나,	뛰어들다.v	Self_motion	O	O	1		
	5	그	_	_	O	B-Coordinated_event	0		B-Coordinated_event
	6	다음의	_	_	O	I-Coordinated_event	0		I-Coordinated_event
	7	진동이	_	_	O	I-Coordinated_event	0		I-Coordinated_event
	8	나를	_	_	O	I-Coordinated_event	0		I-Coordinated_event
	9	공중으로	_	_	O	I-Coordinated_event	0		I-Coordinated_event
	10	팽개쳤고	_	_	O	I-Coordinated_event	0		I-Coordinated_event
	11	그리고	_	_	O	O	1		
	12	내가	_	_	O	O	1		
	13	일어서려고	_	_	O	O	1		
	14	하자	_	_	O	O	1		
	15	나를	_	_	O	B-Coordinated_event	0		B-Coordinated_event
	16	튕겨버렸다.	_	_	O	I-Coordinated_event	0		I-Coordinated_event
									
96	#anno-id:455								
	#text:책과 테이프들이 온통 나의 방에 흐트러져 있다.								
	0	책과	책.n	Text	O	B-Text	1	B-Text	B-Text
	1	테이프들이	_	_	O	O	1		
	2	온통	_	_	O	O	1		
	3	나의	_	_	O	O	1		
	4	방에	_	_	O	O	1		
	5	흐트러져	_	_	O	O	1		
	6	있다.	_	_	O	O	1		
									
97	#anno-id:456								
	#text:집안의 어느 것 하나도 그것이 있어야 할 곳에 있는 것이 없었으나, 그러나 집의 구조는 괜찮다.								
	0	집안의	집안.n	Buildings	O	B-Building	0	B-Component	B-Building
	1	어느	_	_	O	O	1		
	2	것	_	_	O	O	1		
	3	하나도	_	_	O	O	1		
	4	그것이	_	_	O	O	1		
	5	있어야	_	_	O	O	1		
	6	할	_	_	O	O	1		
	7	곳에	_	_	O	O	1		
	8	있는	_	_	O	O	1		
	9	것이	_	_	O	O	1		
	10	없었으나,	_	_	O	O	1		
	11	그러나	_	_	O	O	1		
	12	집의	_	_	O	O	1		
	13	구조는	_	_	O	O	1		
	14	괜찮다.	_	_	O	O	1		
									
98	#anno-id:462								
	#text:또 다른 여진을 기다리면서 나는 Mame과 잔디에 서있는 동안 , 나는 온갖 땅의 벌레들이 땅에서 나와 잔디에 기어다니고 있다는 것을 알았다.								
	0	또	_	_	O	O	1		
	1	다른	_	_	O	O	1		
	2	여진을	_	_	O	O	1		
	3	기다리면서	_	_	O	O	1		
	4	나는	_	_	O	B-Containing_event	0		B-Containing_event
	5	Mame과	_	_	O	I-Containing_event	0		I-Containing_event
	6	잔디에	_	_	O	I-Containing_event	0		I-Containing_event
	7	서있는	_	_	O	I-Containing_event	0		I-Containing_event
	8	동안	_	_	O	I-Containing_event	0		I-Containing_event
	9	,	_	_	O	O	1		
	10	나는	_	_	O	O	1		
	11	온갖	_	_	O	B-Theme	1	B-Theme	B-Theme
	12	땅의	_	_	B-Theme	I-Theme	1	I-Theme	I-Theme
	13	벌레들이	_	_	I-Theme	I-Theme	0	I-Theme	
	14	땅에서	_	_	B-Source	B-Source	0	B-Source	
	15	나와	나오다.v	Departing	O	O	1		
	16	잔디에	_	_	O	B-Goal	0		B-Goal
	17	기어다니고	_	_	O	O	1		
	18	있다는	_	_	O	O	1		
	19	것을	_	_	O	O	1		
	20	알았다.	_	_	O	O	1		
